B01	2972 5827	2971 5827	2971 5828	2973 5827	2973 5828
B02	2970 5832	2969 5832	2969 5833	2971 5832	2971 5833
B03	2964 5829	2964 5828	2965 5828	2964 5830	2965 5830
B04	2954 5831	2954 5830	2955 5830	2954 5832	2955 5832
B05	2977 5825	2976 5825	2976 5826	2978 5825	2978 5826
B06	2980 5829	2980 5828	2981 5828	2980 5830	2981 5830
B07	2984 5829	2984 5828	2985 5828	2984 5830	2985 5830
B08	2956 5836	2956 5835	2957 5835	2956 5837	2957 5837
B09	2968 5835	2968 5834	2969 5834	2968 5836	2969 5836
B10	2976 5835	2976 5834	2977 5834	2976 5836	2977 5836
B11	2959 5838	2958 5838	2958 5839	2960 5838	2960 5839
B12	2964 5844	2964 5843	2965 5843	2964 5845	2965 5845
B13	2959 5848	2959 5847	2960 5847	2959 5849	2960 5849
B14	2968 5848	2968 5847	2969 5847	2968 5849	2969 5849
B15	2980 5847	2980 5846	2981 5846	2980 5848	2981 5848
B16	2957 5852	2956 5852	2956 5853	2958 5852	2958 5853
B17	2984 5852	2984 5851	2985 5851	2984 5853	2985 5853
P01	2956 5829	2955 5829	2955 5830
P02	2960 5832	2960 5834	2961 5834
P03	2972 5837	2974 5837	2974 5838
P04	2976 5829	2975 5829	2975 5830
P05	2982 5833	2981 5833	2981 5834
P06	2984 5825	2984 5827	2985 5827
P07	2959 5842	2961 5842	2961 5843
P08	2964 5838	2963 5838	2963 5839
P09	2974 5845	2976 5845	2976 5846
P10	2982 5839	2982 5841	2983 5841
P11	2955 5855	2955 5854	2956 5854
P12	2969 5855	2971 5855	2971 5856
P13	2984 5855	2984 5854	2985 5854
EXIT	2969 5824	2969 5825	2970 5825