19VQHLHEV7POQDIW8	75
3JG5KVODAPFDCGWNOO	79
19VQHLHEV7PQDWVE0	73
19VQHLHEV7UA4PNVS	89
3JG5KVODAPS4QNOLK8	96
19VQHLHEV7UBS90DK	93
19VQHLHEVKH4K3LDK	99
3JG5KVODBP87IKPK3C	96
5Y2C6RB9C8AFG8	83
GIMHURV9XZBPY48	86
19VQHLHFUNT1WGA4S	79
3JG5KVOG164PXCK3T8	83
19VQHLHFUNT3JZMMK	77
19VQHLHFUNXNASF4C	93
19VQHLHFUNXOYBRM4	97
5Y2C6RBDVUWZ2K	99
5Y2C6RBDXIGJA4	91
5Y2C6RBDXMMKIK	97
RQQOYAR19OC	63
3JG5KVOGBYXT02ODAK	86
9U0VHZZXD91WKUN0VV0	90
3JG5KVOGBYXT1Q7PSC	84
GIMHURVNYJ30KNW	94
1ALI2SXC	29
3JG5KVPI6PN79OKJC8	90
9U0VI02UIN8G7JGDW4O	94
3JG5KVPI6PN7BC3VU0	88
GIMHUS0KKJH8ZW8	98
3JG5KVPI7P3AMUNAKS	82
9U0VI02ULDP5K4C1C98	86
3JG5KVPI7P3AOI6N2K	80
3JG5KVPI7P3F88ZFKC	96
GIMHUS0KP4RF3Q4	94
252A5BAI07E4C	66
9U0VI02ULOHYN725LQK	89
RBEFI07X081W8G96WCB0	93
9U0VI02ULOHYN8POY8C	87
19VQHLHTLJ2NZ1D3W	97
3LFQ7SBMC	49
5Y2C6UJ5BDZJUO	92
GIMHV0T6SA0XAV4	96
5Y2C6UJ5D1IWCG	90
RBEFIES4EXN6IHQV6UV4	98
GIMHV0TJJ2Y1SSG	91
19VQHM6A2906V67GG	94
GIMHV0TJJ2YN8E8	83
9U0VI5BKBHP9WLGUM80	96
19VQHM6A2AN9NP2WW	98
19VQHM6A2AN9OAIIO	90
GIMHV0TJNOBSI68	95
19VQHM6A2LRL1CPQ8	98
GIMHV0TJNOCDXS0	87
5Y2C6UJEQGCKAO	98
3JG5KXLL7GHDRAWXKW	96
3JG5KXLLK5FZY3UV40	95
3JG5KXLOAM5CJ03QRK	96
19VQHM6NRDMCZBDC0	92
252A5CG81TJR4	69
5Y2C6UL2D22UC4	89
3JG5KXMKOF3108AW1S	97
9U0VI5EPLNIS4Q64FNK	99
19XD48E5GUHIO6AJS	83
3JKOFRBB6SOOICTH48	87
19XD48E5GUHKBPN1K	81
19XD48E5GUM42IFJC	97
5Y9XQ56APBHRJS	91
GJ7LOMDHQC83JZS	94
19XD48E6GAKVU91SC	87
3JKOFRBDX9E138GX8S	91
19XD48E6GAKXHSEA4	85
5Y9XQ56FALNVDO	99
RRQ569AUQ7W	71
3JKOFRBE82745YL6Q4	94
9UDFVRVNIE3RL7A6N2K	98
3JKOFRBE82747M4J7W	92
1AN5MD4W	37
3JKOFRCG2SWIFKHCRS	98
3JKOFRCG2SWIH80P9K	96
3JKOFRCG3SCLSQK40C	90
9UDFVRYKQIR0KGZ73GS	94
3JKOFRCG3SCLUE3GI4	88
2550MDEH21CFW	74
9UDFVRYKQTJTNJPBCY4	97
9UDFVRYKQTJTNLCUPFW	95
3LKBM4GLW	57
5Y9XQ8E6OH6VY8	94
GJ7LOVBEKMXAWQO	98
5Y9XQ8E6Q4Q8G0	92
GJ7LOVBRBFUFEO0	93
19XD4930NVS0SYZ40	96
GJ7LOVBRBFV0U9S	85
9UDFVX7AGMR4WY40DFK	98
19XD4930NXF3M3A68	92
GJ7LOVBRG18641S	97
GJ7LOVBRG18RJNK	89
3JKOFT8J3JQOX6TR0G	98
3JKOFT8JG8PB3ZROJK	97
3JKOFT8M6PENOW0K74	98
19XD493ED0E6X44ZK	94
2550MEK73NI2O	71
5Y9XQ8G3Q5A6FO	91
3JKOFT9IKICC647PHC	99
19YZQVAW2H9CLZ27C	85
3JP7AMY92VXZO8QAJS	89
19YZQVAW2H9E9IEP4	83
19YZQVAW2HDY0B76W	99
5YHJ9J1C2EP3NC	93
GJSPIGVPIP4H5VC	96
19YZQVAX1XCPS1TFW	89
3JP7AMYBTCNC94DQOC	93
19YZQVAX1XCRFL5XO	87
RSPLE7UO6RG	73
3JP7AMYC45GFBUI05O	96
3JP7AMYC45GFDI1CNG	94
1AOT5XCG	39
3JP7AMZDYW5TN3XIP4	98
3JP7AMZDZVLWYMGXFW	92
9UQ09JUAVNSVKTMCUOC	96
3JP7AMZDZVLX0A09XO	90
257R3FIG3VARG	76
9UQ09JUAVYLONWCH45O	99
9UQ09JUAVYLONY00GNG	97
3LOX0GLLG	59
5YHJ9M981KE81S	96
5YHJ9M9837XKJK	94
GJSPIPTZ3SQT0JK	95
19YZQVZR9IJUQRQRK	98
GJSPIPTZ3SREG5C	87
19YZQVZR9K6XJW1TS	94
GJSPIPTZ8E4JPXC	99
GJSPIPTZ8E555J4	91
3JP7AOVHCBYM9VOHZ4	99
19YZQW04YN60UWWN4	96
257R3GO65HGE8	73
5YHJ9MB538HIJ8	93
A19ZJHSI80	73
RVJQQ5F6L90	93
1A3OOI4JJG7T7O4OW	94
5Z3FG00LPA53PC	89
RVJQQ5ORF28	92
25FMU8NT2C2M8	95
RVJQQ5PCUO0	84
RVJQQSLCRWG	77
25FMUAFFBHH5G	97
3K28K5ATVMWCEGGLHC	98
GLHIWTSTEY62K1S	93
25FMUAFFL2AYO	96
5Z3FG4YVASKOQO	99
25FMUAFFLNQKG	88
A19ZL5BUPS	71
RVJQUQSXAMS	91
1A3OOPQ1XV5T4SPMO	92
5Z3FGZGP2G7UV4	87
GLHIZ6IDMTBZYV4	98
RVJQUR2I4G0	90
25FMULF78IKW0	93
RVJQUR33K1S	82
1A3P9LYE1O0641QKG	79
3K2A6OZJ0MOGZ8TRTG	99
3K2A6OZJ0MOGZIELMO	98
3K2A6OZJ0MOGZJ018G	90
5Z3I6H2L2XMX1C	91
3K2A6OZLR3DUANIEBK	94
GLHQHZFJBLIYFB4	89
1A3P9LYF5O7SXSRB4	92
GLHQHZFJBLJJUWW	81
3K2A6OZM3SCGHGGBUO	93
5Z3I6H2U9QB70G	88
RVK3HLIH9TS	72
25FNTOVRBZ9QS	92
GLHQHZJQOOV92YO	95
1A3P9LYQU4L33EGQO	98
25FNTOVRM5J5S	75
5Z3I6H48PJD72S	95
GLHQHZK2RTN6IIK	98
RVK3HLJ2PFK	64
25FNTOVSZIM8K	84
GLHQHZK3G31FL8G	91
3K2A6RQ7UATITCS88W	86
9VQCAT0TS6209JSL54W	97
GLHQIC7KZQV1I9S	98
GLHQIC7L4C9DN9C	77
1A3P9MXX2O221WKYC	97
1A3P9MXX2O22BHERK	96
3K2A6RQ7VETQG6J8ZK	99
1A3P9MXX2O22C2UDC	88
GLHQIC7L8XNPS8W	95
25FNTQIUEOEM8	79
5Z3I6LOCGRSKR8	99
5Z3I6LOCH1YU68	82
25FNTQIUF9U80	71
5Z3I6LOCIFBX90	91
1A3P9MXX786JTYKOW	98
1A3P9TJWG2Y616BI8	83
3K2A7A3A4O6WRJQ728	94
5Z3I7GIOG3PO74	95
3K2A7A3CV4WA2O8K5C	98
GLHQKPW8O6ELVCW	93
1A3P9TJXK35SUXC8W	96
GLHQKPW8O6F7AYO	85
3K2A7A3D7TUW9H6HOG	97
5Z3I7GIXMWDY68	92
RVK3M6W7Z7K	76
25FNU1N5I5S0K	96
GLHQKQ0G19QWJ0G	99
25FNU1N5SC1FK	79
5Z3I7GKC2PFY8K	99
RVK3M6WTETC	68
25FNU1N75P4IC	88
GLHQKQ0SSNX31A8	95
5Z3KP7VQTCSKAO	89
A1A8YK5IO0	79
RVKGVZZBTP0	99
5Z3NFOL3E91FY8	77
GLI53KALFL40A38	97
5Z3NSDJPL1ZDHC	76
GLI62TMR2HI9F6C	96
5Z3Q65AFZ5ABLS	90
5Z3QIU925Y894W	77
GLIDOC160J2XCLW	97
RVMVXKISTVK	76
25FVKP9082YOK	96
GLJEAUDXQJS4X68	95
GLJEAUDXQLFOHDS	97
GLJEAUDXQN381LC	99
25FVKP90877OW	79
5Z43PI50MS1C5W	99
1A3TVQ4EPRRMSLRZK	98
25FVKP9087FEO	83
5Z43PI50MSR0S0	86
3K2N04K8YHS5SFXL8G	97
GLJEAUDYA0UO8OW	92
1A3TVQ4ER7UD7GD68	95
1A3TVQ4ER7UD7GKW0	99
25FVKP90HNSHS	95
5Z43PI51D27DF4	98
5Z43PI51DC9DTS	98
25FVKP90I983K	87
5Z43PI51EPQPWW	90
5Z43PI51EPQXMO	94
GLJEAUDZWVIXN00	97
25FVKP9NE95C0	80
1A3TVQ4SICFM4P3AO	99
5Z43PI6SZLJ1DC	83
5Z43PI6SZLJ934	87
GLJEAUIWIVTLGOG	90
1A3TVQ4SICZ378ETC	96
3K2N04LB701GW3HDIO	99
5Z43PI6SZUZM68	99
5Z43PI6SZVL1S0	91
GLJEAUIWJNQL5TC	94
GLJEAUIWJNQLDJ4	98
RVMVXM6C6DC	74
25FVKPDLLTO2C	94
GLJEAVDDTWY7OC0	93
GLJEAVDDTYLR8JK	95
1A3TVQ756F84FRYCW	98
GLJEAVDDU09ASR4	97
25FVKPDLLXX2O	77
5Z43PIHS0Y7UFO	97
1A3TVQ756H47O981C	96
25FVKPDLLY4SG	81
1A3TVQ756H8UPJHMO	98
5Z43PIHS0YXJ1S	84
3K2N04RUGW73SD2668	95
9VRBWD9CMXFQISA5DBK	98
GLJEAVDEDE0QZUO	90
1A3TVQ757X6Y33T80	93
1A3TVQ757X6Y340XS	97
25FVKPDLVEHVK	93
5Z43PIHSR8DVOW	96
5Z43PIHSRIFW3K	96
GLJEAVDFWF89DWW	99
25FVKPDLVZXHC	85
5Z43PIHSSVX86O	88
5Z43PIHSSVXFWG	92
GLJEAVDG08P0E5S	95
9VRBXZAVVAGK85LSCN4	98
9VRBXZAVVN5IUCEQA68	97
1A3TVXQAX4OHAJI0W	81
3K2N0PP2C1001AAAI8	84
3K2N0PP2C1001AAI80	88
9VRBXZDMHES03KLAU9C	91
3K2N1949O6OE05YN40	82
9VRBZHBUV6JQWGKCF5C	85
9VRBZHBUV6JQWGKCMV4	89
RG7XAK4XQM6UQ60J7QGG	92
9VRBZHBUV6JQX23GFWG	89
RG7XAK4XQM6URTTLSE5S	92
RG7XAK4XQM6URTTLSLVK	96
24920HBXPPXN1HAU8JKZOW	99
3K2N1949O6OE1THZLS	86
9VRBZHBUV6JR11Y34J4	89
9VRBZHBUV6JR11Y3C8W	93
RG7XAK4XQM6V2XEPE8Q8	96
GLJEG3LTF4XBPA8	92
1A3TW4Q0LQ1OKMGFK	95
1A3TW4Q0LQ1OKMO5C	99
RVMW6ZL5UBK	82
25FVLFEUSCG4W	85
25FVLFEUSCNUO	89
5Z43RIT9IRAH80	92
GLJEGG9APDQCWOW	94
1A3TW5P5TQI57Z168	97
GLJEGG9APFDW96O	98
GLJEIU2IRPTKKXS	81
1A3TWCBJ04ZQ5ADV4	84
1A3TWCBJ04ZQ5ALKW	88
3K2N1U80SDV8MPK628	91
GLJEJ6RHDWMIIGW	80
9VRC1BICGNCD16CCHRK	99
1A3TWDASCAMMJJIY8	83
1A3TWDASCAMMJJQO0	87
3K2N1WXYQ5IUMAYAPC	90
GLJELKJ84APTGLC	93
1A3TWJX1EJXRPYBAO	96
GLJELX7EXBU0TC0	91
1A3TWKW8LGKVEDPDC	94
1A3TWKW8LGKVEDX34	98
1A3TWKW8LGLGXHQ4G	98
GLJELX7EXDHK5TS	95
1A3TWKW8LGPGS4ER4	98
GLJELX86QHIRE4G	80
9VRC2Y4RRVJXMEJ76R4	99
1A3TWKWAQPKO47GDS	83
1A3TWKWAQPKO47O3K	87
3K2N2I1PU71EZPF5WW	90
25FVPZ5DR4DXC	75
5Z4445MY7C6NMC	95
1A3TYV6LZ12NDW7W0	94
1A3TYV6LZ12P1FS3K	96
3K2N8UMD1AZHJZY9WW	99
1A3TYV6LZ12QOZCB4	98
5Z4445MY7CAWMO	78
GLJFFJNR0E6ALZO	98
3K2N8UMD1B1DN8FJLC	97
5Z4445MY7CB4CG	82
3K2N8UMD1B1IA9PT6O	99
GLJFFJNR0E70ALS	85
1A3TYV6LZ1M4GFJEO	92
3K2N8UMD1CHGDNA4S0	95
3K2N8UMD1CHGDNACHS	99
5Z4445MYSVEXDS	82
GLJFFJNSO79KYB4	85
GLJFFJNSO79L60W	89
1A3TYV6M3N86MWYI8	92
3K2N8UMDE4J94N5XJ4	99
25FVPZ5FENQF4	79
5Z4445N2SPXD04	99
1A3TYV6MYH60JYZ1S	98
5Z4445N2SQ1M0G	82
5Z4445N2SQ1TQ8	86
GLJFFJO3RSD6SVK	89
1A3TYV6MYHPHMIAKG	96
3K2N8UMFRT6SYIXKTS	99
GLJFFKKF2DVB3CW	89
1A3TYV94PUMIYXJU8	92
1A3TYV94PUMIYXRK0	96
3K2N8UTD3T2KP1WRLC	99
1A3TYVBV6JZUDHXC0	99
1A3TYVC7VIM16FUV4	98
1A3TYVEYBG5GDY5Q8	98
5Z4446PVI0808W	76
GLJFFMNVI0M8NPW	96
3K2N8V9JBY4RSM7NJK	95
3K2N8V9JBY4RU9R7R4	97
3K2N8V9JBY4RVXARYO	99
GLJFFMNVI0MCWQ8	79
1A3TYVEYBI1Q3UVV8	99
9VRCKMUHP6TB86C710W	98
GLJFFMNVI0MD4G0	83
1A3TYVEYBI1Q4KKHC	86
1A3TYVEYC7YM2OQIO	87
3K2N8V9JDY45BGTVW0	90
3K2N8V9JDY45BGU3LS	94
9VRCKMUHUQRIRURQ8J4	97
3K2N8V9JDY45BQVWAO	90
9VRCKMUHUQRISMOPXO0	93
9VRCKMUHUQRISMOQ5DS	97
5Z444AWKAA4T30	87
A1B4ZI2HC0	53
GLJFFYAGD721AV0	90
RVMXUM6W4D0	73
5Z444AWKH7IFAO	72
GLJFFYAGVSV6GNO	92
5Z444AWKIV1ZI8	74
GLJFFYAH0E9ILN8	94
GLJFFYAH0E9MUNK	77
1A3TYWB9393MRH4GK	97
5Z444AWKKILJPS	76
GLJFFYAH4ZNUQMS	96
GLJFFYAH4ZNYZN4	79
1A3TYWB93LV2L6Z84	99
GLJFFYAIWAKQI4C	90
RVMXUM70DDC	56
1A3TYWB98HQ0IAUKC	93
25FVQ11NH142C	76
GLJFFYAIWHI44C0	75
1A3TYWB98I8MBG0D0	95
GLJFFYAJ0VYH7I4	94
RVMXUM70L34	60
1A3TYWB98UHEOHCU4	97
25FVQ11NHMJO4	80
GLJFFYAJ12VUTPS	79
1A3TYWB98V00HMIMS	99
GLJFFYAJ14JEDXC	77
1A3TYWB98V4LVYNMC	97
1A3TYWB98V4LW2WMO	80
GLJFFYAJ166XY4W	79
1A3TYWB98V97AASLW	99
1A3TYWB98V97AF1M8	82
1A3TYWB98X0I76K3G	97
25FVQ11NHQSOG	63
5Z444AWL9AFMXG	83
1A3TYWB98X0P4K6B4	82
5Z444AWUJ7OQDC	78
GLJFFYB8TDCP82C	98
3K2N8XRF7KULANN8C0	97
3K2N8XRF7KULCB6SJK	99
GLJFFYB8TDCTH2O	81
GLJFFYB8TDCTOSG	85
1A3TYWBB8HL3ML31S	88
3K2N8XRF7KV4RQ6JUO	95
9VRCKTS691YH90QBD80	98
GLJFFYB8TYVXHTS	85
1A3TYWBB8J8WP5QR4	88
1A3TYWBB8J8WP5YGW	92
3K2N8XRF7PGQTWNYY8	95
5Z444AWUKV82V4	82
GLJFFYB8XYQK6GG	85
GLJFFYB8XYQKE68	89
1A3TYWBB8UCHSRLBK	92
3K2N8XRF8KB84W9B0G	99
1A3TYWBC55N3AVVSW	92
3K2N8XRHQBO568OKA8	95
3K2N8XRHQBO568OS00	99
25FVQBWRXAW74	67
5Z445531KI9ES4	87
1A3TZ2S4DG0NB0STS	86
1A3TZ2S4DG0OYKD1C	88
3K2N9FQ45CHXC0OFQO	91
1A3TZ2S4DG0QM3X8W	90
3K2N9FQ45CI1XF0KQ8	93
5Z445531KIDNSG	70
GLJFIA4GCZ1Y21G	90
3K2N9FQ45CJTF95PF4	89
5Z445531KIDVI8	74
GLJFIA4GCZ2JHN8	94
3K2N9FQ45CJY0MWESW	93
3K2N9FQ45CJY2AFZ0G	91
9VRCM7OJIUVEMD0HH9S	94
3K2N9FQ45CJY3XZJ80	93
9VRCM7OJIUVEQYETM9C	96
GLJFIA4GCZ2NQNK	77
1A3TZ2S4DG1FDY0GK	97
9VRCM7OJIUVGIG8YQY8	96
9VRCM7OJIXRP4UFAGG0	93
RG7Z1PC68LSXTGIH5WHC	96
1A3TZ2S4DGK4DK4CG	84
3K2N9FQ45DZW5O0ALS	87
3K2N9FQ45DZW5O0IBK	91
9VRCM7OJIYVPBQPJ44W	94
5Z44553261HOJK	74
GLJFIA4I0S545CK	94
3K2N9FQ4I615FLCRU8	93
3K2N9FQ4I615H8WC1S	95
9VRCM7OKIGR77WPXOZ4	98
3K2N9FQ4I615IWFW9C	97
GLJFIA4I0S58ECW	77
1A3TZ2S4I266JBUTW	97
9VRCM7OKIGR93ZYEYNK	96
GLJFIA4I0S58M2O	81
9VRCM7OKIGR98MZP88W	98
1A3TZ2S4I266K1JG0	84
3K2N9FQ4I61OWNW3CW	91
9VRCM7OKIGSP6QD9JU8	94
9VRCM7OKIGSP6QD9RK0	98
25FVQBWTKU8OW	71
5Z4455365W045W	91
1A3TZ2S5CW40H3JZK	90
1A3TZ2S5CW424N474	92
3K2N9FQ6VT79WWBVSG	95
1A3TZ2S5CW43S6OEO	94
3K2N9FQ6VT7EIAO0S0	97
5Z4455365W4D68	74
GLJFIA4T4D84KB8	94
3K2N9FQ6VT9604T5GW	93
5Z4455365W4KW0	78
GLJFIA4T4D8PZX0	98
3K2N9FQ6VT9ALIJUUO	97
3K2N9FQ6VT9AN63F28	95
9VRCM7OR4D9TKCXM27K	98
3K2N9FQ6VT9AOTMZ9S	97
GLJFIA4T4D8U8XC	81
9VRCM7OR4G642UCF1DS	97
1A3TZ2S5CWNHJMVI8	88
3K2N9FQ6VUP8QJNQNK	91
3K2N9FQ6VUP8QJNYDC	95
9VRCM7OR4HA49QMNP2O	98
GLJFIB14EYQYJEO	81
1A3TZ2UN49KIW24S0	84
1A3TZ2UN49KIW2CHS	88
3K2N9FX47UL0H2MXF4	91
25FVQC1LLBRNK	93
5Z4455GFZ8T1GW	96
1A3TZ2XDKYXUAMI9S	91
3K2N9G4PQ9205IMZ74	94
3K2N9G4PQ9205IN6WW	98
1A3TZ2XQ9XK13KFSW	90
3K2N9G5OZL7N1WW4A8	93
3K2N9G5OZL7N1WWC00	97
1A3TZ3041OAF6VDXC	96
3K2N9GCB8NGY73AWMO	99
1A3TZ30GPV3GB2QO0	94
3K2N9GDAFUDLARQAPC	97
1A3TZ30GPV3HYM35S	98
1A3TZ30GQMWLZTBGG	83
3K2N9GDAHZML3HK1PS	86
3K2N9GDAHZML3HK9FK	90
9VRCM9GX5YYQLOSEF8W	93
5Z4K66HE2ARYDC	86
RVP0RCM8VY8	98
GLKO3WH0FPCC2KG	96
GLKO495Z1W5A03K	95
GLKO6MXPSA8KY80	97
25G1ITHXQAP1C	73
5Z4K89XTP1PIQC	93
GLKO6ZMOEH1IVR4	84
1A3XF7EYZS7CIMFR4	87
25G1N06Q07HVG	84
3M2UG9BGG	50
5Z4KJWIOVHI5VG	87
A1BWL5VSPG	70
GLKP3DFM2Y9Q11C	89
1A3XHPG1U1KIEZH8G	99
1A3XHPGEJ06P7XERK	98
5Z4MWN6QN6FEF4	78
GLKVMOEQ0DUS104	98
RVPDIQSFE80	90
GLKVPEVFDP9GNI8	88
GLKVPRKDZW2EL1C	87
GLKVS5C4QA5PJ5S	93
GLKVSI13CGYNGOW	80
61E8522V0363MW	61
RQP6POBE59REGZBX7GBS	94
3LFJ6Q4TF97UBWH2G8	98
GRVIM1RY4W0A9RC	65
2525YNBJNDLBPT0SDFAXK8	98
61E8522V1QPG4O	59
RQP6POBECV9SVXBUC19K	92
3LFJ6Q4TG8NXP2JTM0	96
61E8522ZLHI8MG	75
RQP6POBZ93LWOROTL27C	96
3LFJ6Q4W5Q9YAYB0RS	96
GRVIM1SAVOY07AG	99
GRVIM1SAWA727MW	82
61E8522ZN51L48	79
61E85234F5J42W	91
S6A1GMULDBC	95
269FW27HAP8FC	98
S6A1GMV6SX4	87
61E852FME9CTMG	87
GRVIM2RE896D8MW	91
61E852FMFWW648	85
RQP6PPYLOEU3WLIU9GMW	93
9ZJ5AP6P3115Q7MORNC	99
GRVIM2RQZ23HQK8	90
1ALFJPBP2XDU00T88	93
GRVIM2RQZ243660	82
9ZJ5AP6P3DT7IYCIJZS	91
1ALFJPBP2Z0WSJOOO	97
1ALFJPBP2Z0WT54AG	89
RQP6PPYLW0CIBJIRE1KO	97
GRVIM2RR3NH8FY0	94
1ALFJPBP3A5867BI0	97
GRVIM2RR3NHTVJS	86
61E852FVTBPU2G	93
3LFJ6QCMXC7A0SI7CO	91
3LFJ6QCNA15W7LG4VS	90
3LFJ6QCQ0HV8SHP0JC	99
S6A1GOI4XIW	69
GRVIM2WODELLHO8	90
GRVIM2WOHZZXMNS	92
1ALFJPC2S20045Z3S	95
269FW2C2OG5IW	72
1ALFJPC2W98GDZPO8	93
3LFJ6QDMEASX9PW5TK	96
GRVIM2X19E644XK	88
61E861IYD98UVG	65
RQP6U75OOGJG7UPSE40C	98
GRVIOS8NHGVXPVW	69
61E861IYEWS7D8	63
RQP6U75OW21UMSPPIOY4	96
61E861J2YNKZV0	79
GRVIOS908V2PNRG	86
61E861J30B4CCS	83
61E861J7SBLVBG	95
S6A1L84RH58	85
GRVIOSBSOAGX4CS	98
GRVIOSBSSU7PWUK	98
269FWEYLJNNT8	96
S6A1L88C2RW	99
S6A1L88XIDO	91
61E861VUCTRPUK	89
GRVIOT8GC88SMN0	96
61E861VUEHB2CC	93
61E861W3RW4QAK	89
S6A1L9SB1CS	77
GRVIOTB8W7DSVQ4	99
GRVIOTB95MG5W64	99
269FWF36WT5B0	96
61E861WV7FPJZ0	99
269FWF36XEKWS	88
S6A1L9VVMZG	91
269FWF3GUMNVG	94
S6A1L9WH2L8	83
3NG7XCD30	49
GRVIP31GKJM1ZD8	72
1ALFJXOG2134GU79O	76
GRVIP31GKL9LBV0	70
GRVIP31GP50E4CS	86
1ALFJXOG2DUINM558	93
GRVIP31GP6NXGUK	90
269FWGCKS77V0	92
269FWGCKWD93G	98
GRVIP31TGJ6KUCC	92
1ALFJXOH1TXVTP40S	99
GRVIP31TGKU46U4	96
GRVIP31TPY8XUSC	92
269FWGCMFQS2K	80
61E865F2C0JCWS	99
61E865F2C14SIK	91
269FWGCMJBDP8	94
61E865F2LYCVH8	97
269FWGCMJWTB0	86
64SC0	15
GRVJQXS5YT7Y5EW	76
1ALFMUTU8KPTA77JC	80
GRVJQXS5YUVHHWO	74
GRVJQXS63EMAAEG	90
1ALFMUTU8XH7GZ5EW	97
GRVJQXS63G9TMW8	94
1ALFMUTV8DJZE03Y0	97
269G1CYMTZ7AW	84
61E8JS07FKJBAW	87
GRVJQYRM26E0WNG	68
1ALFMUWKPA2E5UNNW	72
GRVJQYRM281K958	66
25263VADDLCB58DTZ0F6Q4	99
GRVJQYRM6RSD1N0	82
1ALFMUWKPMTSCMLJG	89
GRVJQYRM6TFWE4S	86
GRVJQYRMBLGDX3G	98
269G1D36GLQX8	88
61E8JSCTYFQTL8	99
269G1D36KRS5O	94
GRVJQYRYY5YJRMK	92
1ALFMUWLP2X5IPKF0	99
GRVJQYRYY7M344C	96
GRVJQYRZ7L0WS2K	92
269G1D3845B4S	80
61E8JSCYJSWB30	99
61E8JSCYJTHQOS	91
269G1D387PWRG	94
61E8JSCYTQPTNG	97
269G1D388BCD8	86
A552NJ0UV0	52
1ALFMUWVI35GVYX58	75
3LFJFHVBI8R7K0C11O	79
1ALFMUWVI35IJI9N0	73
1ALFMUWVI3A2AB24S	89
3LFJFHVBI93YY73YX8	96
1ALFMUWVI3A3XUEMK	93
61E8JSE7XOADN0	95
1ALFMUWVIG1GGHS4C	95
1ALFMUWVIG1I414M4	99
1ALFMUWVIGAVIUSKC	95
61E8JSE7ZBTXUK	83
GRVJQYVI655WUAK	94
61E8JSE7ZFEJH8	97
61E8JSE7ZFZZ30	89
H1AOD0	35
3LFQ0X9K4CKYKAYBXK	80
9ZJOAKEJW2Y811MPBE0	84
3LFQ0X9K4CKYLYHOFC	78
3LFQ0X9K4CL35PAGX4	94
3LFQ0X9K4CL37CTTEW	98
GRWEIPLQB8TJJ5K	88
1ALI0BZ4D38ID08HK	91
3LFQ0X9K5C11XH1364	84
9ZJOAKEJYTEXDMICRIK	88
3LFQ0X9K5C11Z4KFNW	82
3LFQ0X9K5C16IVD85O	98
GRWEIPLQFU3PMZG	96
269K0XDVJC01O	68
9ZJOAKEJZ47QGP8H0ZW	91
RQQNHCOFHJPHIEQQMQ8C	95
9ZJOAKEJZ47QGQW0DHO	89
1ALI0BZ4DH924AV18	99
3NGEUPZAO	34
9ZJOAKEL0YYFUYUD71K	95
RQQNHCOIEP3O21FJZQI0	99
9ZJOAKEL0YYFV0HWJJC	93
9ZJOAKEL0ZXVYC0FYA4	87
RQQNHCOIERU4RE0FN6MK	91
9ZJOAKEL0ZXVYDNZARW	85
1ALI0BZ4IDZNSPE3G	99
61EJMKQK8M0N5O	71
RQQNHCOIES4XKH35RG3W	94
252A18783525P8VHF7KPCC	98
RQQNHCOIES4XKH4TASLO	92
A55L9C60NO	54
3LFRNJWGUY7QE8R3L4	86
9ZJSTFA6TZ1HC7IM4TK	90
3LFRNJWGUY7QFWAG2W	84
GRWM48ZLCLWQV94	94
1ALILFSYVB0V9DUD4	97
3LFRNJWGVXNTRETUTO	90
9ZJSTFA6WPI6OSE9KY4	94
3LFRNJWGVXNTT2D7BG	88
269L0DLU35GL8	74
9ZJSTFA6X0AZRV4DUFG	97
9ZJSTFA6X0AZRWRX6X8	95
3NGGI9JI8	40
9ZJSTFA7YV1P66DTCYW	99
9ZJSTFA7YW159HWCRPO	93
RQR01QGE4WZ6MED2SXU4	97
9ZJSTFA7YW159JJW47G	91
61EMD1SO7NULH8	77
RQR01QGE4X9ZFHHGGJT8	98
A55PUQI5N8	60
GRWM492T8L2FZNK	97
GRWM492T8MPZC5C	95
1ALILFT7TKLYVPP1C	96
3LFRNJX5Q590WDJS5C	99
1ALILFT7TKLYWB4N4	88
3LFRNJX5Q5ANZ6O37K	95
1ALILFT7TKQKA1U0W	92
3LFRNJX63UDN2HOY0W	97
61EMD1TTXPGR40	74
GRWM492V5MQJA50	94
3LFTA6JDLJUI86JV8O	88
9ZJXCA5TRV4QNDEIY94	92
3LFTA6JDLJUI9U37QG	86
GRWTPSDGDYZY7CO	96
1ALJ6JMTDIT85RG8O	99
3LFTA6JDMJALLCMMH8	92
9ZJXCA5TULLFZYA6EDO	96
3LFTA6JDMJALN05YZ0	90
269LZTTSMYX4S	76
9ZJXCA5TUWE9310ANV0	99
9ZJXCA5TUWE932NU0CS	97
3NGI5T3PS	42
9ZJXCA5UWS4EKNS9L58	95
RQRCM489V248HEPPYP1O	99
9ZJXCA5UWS4EKPFSXN0	93
61EP3IUS6POJSS	79
A55UG4UAMS	62
GRWTPSGO9Y5NBR4	99
GRWTPSGO9ZT6O8W	97
1ALJ6JN2BSEBS3AWW	98
1ALJ6JN2BSEBSOQIO	90
3LFTA6K2GQXFT4GUV4	97
1ALJ6JN2BSIX6FFWG	94
3LFTA6K2UG0EWFHPOG	99
61EP3IVXWRAPFK	76
GRWTPSGQ6ZTQM8K	96
S6D9CNNU1XC	76
269OTZ5Q7HBMC	96
GRXFLYUF44SUVW0	95
3LFXZ46790TGOS8XQ8	97
GRXFLYUFNLVE7EO	92
269OTZ5QH25FK	95
61EWZ9NXJO5BNK	98
269OTZ5QHNL1C	87
269OTZ6DDNI9S	80
1ALKVD16AM604TIWG	99
1ALKVD16AMPH7CUF4	96
61EWZ9PP66VK00	99
61EWZ9PP67GZLS	91
S6D9CPBDEF4	74
269OTZABL8104	94
GRXFLZTV7HYXN1S	93
3LFXZ4DSRF8EOPDIO0	95
GRXFLZTVQZ1GYKG	90
269OTZABUSUTC	93
61EWZA0OXUBTXC	96
269OTZABVEAF4	85
3LFXZPA13J191OMJLS	82
9ZKAF67V1SVH4OOSOXS	93
GRXFOPBHMZIW0QO	94
9ZKAF67V4JC6HZTB20W	97
1ALKVKMBXCM4K8POG	92
3LFXZPA14N1GOIDKCG	95
1ALKVKMBXCM4KU5A8	84
9ZKAF67V4W1546M8ZK0	96
GRXFOPBHW6BKAPS	91
269OUBX6AS074	75
61EX0945HXSIS4	95
1ALKVKMC1JB5FNWTS	94
1ALKVKMC1JZ7WJDC0	98
61EX0945I7YS74	78
GRXFOPBJAM4MAS4	98
3LFXZPA1GFOIXV9OTS	97
269OUBX6BDFSW	67
61EX0945JLBV9W	87
1ALKVKMC1W2JLUF3K	86
1ALKVKMC1WQM2PVLS	94
9ZKAF6ALQMJM6IIKVY8	89
1ALKVKMOPEEVANXMO	80
RQSCY5HGE1PM58BZ5BLC	99
3LFXZPB0MK1AXW27SW	99
3LFXZPB0MK1AXWNNEO	91
1ALKVKMOPEJGP02M8	98
61EX095SL0HNNK	82
GRXFOPG3EDN7XVK	85
61EX095SL1339C	74
GRXFOPG3EF0L0YC	94
3LFXZPB0MOKRCXNX80	93
3LFXZPHMLXG71LR4JK	86
9ZKAF6SYSWWZKGPIURK	97
GRXFOQAXQCOYRWG	98
1ALKVKP2E1YPFW5Q8	96
3LFXZPHMN1GEOFI5A8	99
1ALKVKP2E1YPGHLC0	88
GRXFOQAXZJHN1VK	95
269OUC1ROIPKW	79
61EX09GWW3Z11W	99
1ALKVKP2I8NQBBCVK	98
61EX09GWWE5AGW	82
269OUC1RP456O	71
61EX09GWXRIDJO	91
1ALKVKP2ILF4HHV5C	90
1ALKVKP2IM36YDBNK	98
GRXFR82ASPY1O00	92
S6D9M2Q72DC	82
GRXFTYJ05AUAJNK	80
9ZKAIAV9G3EE854MAY8	99
GRXFUB7YRHN8H6O	79
1ALKW0764KD0JJPJO	99
9ZKAIIFBPW7ZB0JV75C	98
GRXFWOZPHVQJFB4	93
GRXFX1OO42JHCU8	80
9ZKAK51R14FJW8QPW4W	99
GRXGQP0WFYW122O	89
1ALKYI88YTQ8DMCXS	99
1ALKYI8LNSCF6KAGW	98
61EXDY8ROC3Y2O	76
GRXGQR4CVLMYMFO	96
3LFY7UVHMH62OYJ01C	95
1ALKYIBC4HP02T64G	87
3LFY7UVHOH5G8378SG	90
61EXE2FGGM0QWS	87
A568DKN0HS	53
GRXGR2QXQS2R9KS	90
S6DB9PBXCES	73
61EXE2FGNJED4G	72
GRXGR2QY9DVWFDG	92
1ALKYJ7PXFDHB0BEO	92
GRXGTFHLSJROI4G	81
269OZLYBKQ4LC	93
1ALKYPTRD8O8AQXVK	91
1ALKYPU427AF3OVEO	90
1ALKYPWHTY0T6ZTJ4	96
1ALKYPWUIWMZZXR28	83
GRZY06AWUWLJSA0	72
1ALRUGHIB9V72APYG	76
GRZY06AWUY934RS	70
GRZY06AWZHZVX9K	86
1ALRUGHIBMML92NU0	93
GRZY06AWZJNF9RC	90
26A0JPZKTKAG8	98
GRZY06B9MARQI9K	98
GRZY06B9MCF9URC	96
1ALRUGHJB2PD63MD4	93
1ALRUGHJB2TYJUBQW	97
26A0JPZMGIF20	80
61FTIS6YE5WUM0	83
1ALRUGHJGCZP84L4O	99
GRZY07ACY9RMJIK	76
1ALRUGK8RZ7RXY630	80
GRZY07ACYBF5W0C	74
GRZY07AD2V5YOI4	90
1ALRUGK8SBZ64Q3YK	97
GRZY07AD2WTI0ZW	94
26A0JQ4634YOC	96
26A0JQ47QOIVW	88
61FTISJPIEV9ZW	99
26A0JQ47UUK4C	94
A57QCFGRI4	60
1ALRUGKJKSAUO2FKC	83
3LGHCM12DQM5U2370S	87
1ALRUGKJKSAWBLS24	81
1ALRUGKJKSFG2EKJW	97
61FTISKYXX7H5O	91
61FTISKYY1DIE4	97
H1F534	26
1ALRUHMEBHP49YLM0	87
3LGHCOY7RX5SIVG7AG	91
1ALRUHMEBHP5XHY3S	85
61FTIXHKYBFWE0	95
GRZY0L0U7C2WZY0	98
1ALRUHMFAXSHG1CUK	79
3LGHCOYAIDV53R3NF0	83
1ALRUHMFAXSJ3KPCC	77
1ALRUHMFAXX2UDHU4	93
1ALRUHMFAXX4HWUBW	97
61FTIXHPHY2G0C	99
61FTIXHPJLM07W	91
61FTIXHPJPS1GC	97
S6HH75V8WU4	63
3LGHCOYAT6O86H7WWC	86
9ZLS79BA12JAQN1BCCS	90
3LGHCOYAT6O884R9E4	84
GRZY0L187VU7MHO	94
1BBY23O4	46
9ZLSDUQO9ON4HNBXN8O	91
RQWIUHE3EWG8H1GCSQ94	95
9ZLSDUQO9ON4HOZGZQG	89
1ALRVCE6521JVJZCO	99
9ZLSDUQO9PMKL0I0EH8	95
RQWIUHE3EZ6P6E18G6DO	99
9ZLSDUQO9PMKL25JQZ0	93
61FTMX2070SP4S	79
A57QJCUDPS	45
RQWIUHE3G1D84YQQJD58	98
RQWIUHE3G1D84YSE2PN0	96
GRZYBNTKK54EBSS	82
S6HHPROE2MS	65
9ZLSFHDB6F8R9H9QEW8	89
RQWIZ08Z1UCBQCM8PJOO	93
9ZLSFHDB6F8R9IX9RE0	87
1ALRVJZPIX2WYRBG8	97
9ZLSFHDB6G87CUFT64S	93
RQWIZ08Z1X2SFP74CZT8	97
9ZLSFHDB6G87CW3CIMK	91
61FTNWI85KM5OC	77
RQWIZ08Z1XDL8SBI0LSC	98
A57QL0DXXC	43
RQWIZ08Z2Z9BE9WMG6KS	96
RQWIZ08Z2Z9BE9Y9ZJ2K	94
GRZYEEAMO468A4C	80
S6HHUD2Q7MC	63
1ALRVJZPM4YXRZSCG	98
3LGHFNJ75I5OOGYOSG	99
3LGHFNJ75I5OOHK4E8	91
9ZLSFHDBVAFU727NEIO	98
3LGHFNJ75I5T9VATS0	95
GRZYEEANTU7UFR4	77
1ALRVJZPM6VXSJQC4	97
9ZLSH3ZY35UE1B7J6JS	91
RQWJ3J3UOS8EZNS4MD48	95
9ZLSH3ZY35UE1CV2J1K	89
1ALRVRL8WS4A1YNJS	99
9ZLSH3ZY36TU4ODLXSC	95
RQWJ3J3UOUYVP0D09T8S	99
9ZLSH3ZY36TU4Q15AA4	93
61FTOVYG44FM7W	79
A57QMNXI4W	45
RQWJ3J3UPX5ENL2ID00C	98
RQWJ3J3UPX5ENL45WCI4	96
GRZYH4ROS3828FW	82
S6HHYYH2CLW	65
3LGHG8N100DH1DXQ9S	93
3LGHG8N100DLMROFNK	97
GRZYH4RPXT9OE2O	79
1ALRVRL901XAVR2FO	99
26A0MXVLM7JGG	83
1ALRWDHFDRDWXENLS	99
61FTRQ3S1Z4A4G	94
61FTRQ3SOV47CW	87
GRZYP0IJP2PUO8W	98
26A0MXVN9QVY8	81
1ALRWDHGD7HA3HERK	97
61FTRQ3WNCUZI8	92
9ZLSLTIOQNTKS4PLUWW	89
3LGHHXO09LXOU5HPFK	99
3LGHHXO09LXOU6351C	91
1ALRWDK5UTMHDKQWW	98
61FTRQGJHS8PA8	82
GRZYP1HY5EQCGU8	85
61FTRQGJHSU4W0	74
GRZYP1HY5G3PJX0	94
3LGHHXO09QH5973EUO	93
RQWJGLZZGQZTV6X8OATC	96
3LGHHXO0MDZHKVWXDS	87
9ZLSLTIPQ6UKU0XMYPS	98
GRZYP1HZSHIVCAO	89
1ALRWDK5ZF4OP8E2O	92
GRZYP1HZSHJGRWG	81
9ZLSLTIWC67ZQ4MQFUO	93
3LGHHXO302N1F1QL34	95
61FTRQGO35ZEO0	86
GRZYP1IAWSWIZ40	89
61FTRQGO36KU9S	78
GRZYP1IAWU9W26S	98
3LGHHXO3076HU2QUWG	97
1ALRWDMOLMJ102474	99
26A0MY50OKJWG	89
1ALRWDPF2BVLWAZUO	87
1ALRWDPRRAHSP8XDS	86
1ALRWDSI7ZUDLHT1C	87
1ALRWEM5K869Y1I9S	96
GRZYPF72RKUHMPS	83
3LGHI0LP9T2RPO25VK	94
9ZLSM1OA78ROZB46K3K	97
GRZYPFB9GD4EFJW	94
S6HICVWV2GW	60
1ALRWEMJA9H34RPRW	97
26A0MZSNAATXW	80
GRZYPFB9GK1S1RK	79
1ALRWEMJA9ZOXWVKK	99
3LGHI0MLNM0G6W9B5S	99
1ALRWEOW0XIUTOYBK	88
3LGHI0T7P1TQXVZXMO	98
3LGHI0T81QSD4OXV5S	97
3LGHI0TAS7HPPL6QTC	90
61LTNGHT00AOKO	69
GSGMD5TGKO10FL4	73
61LTNGHT1NU12G	67
61LTNGHXLEMTK8	83
GSGMD5TTC27SDGO	90
61LTNGHXN26620	87
61LTNGI2F2NP0O	99
S79HK019K2W	95
61LTNGUKE6HEK8	95
GSGMD6SWO173EGO	99
61LTNGUKFU0R20	93
GSGMD6T9EU47WE0	98
GSGMD6T9EU4TBZS	90
9ZVPMUFZXANUPGZ04HK	99
1AN264MXA6UQTTB08	97
GSGMD6T9JFIK1DK	94
3LK210VTPDY5ENOUYG	99
3LK210VU22WRLGMSHK	98
S79HK1O7OOO	77
GSGMD6Y6T6MBNI0	98
26C6CRONK3LKO	80
GSGMD6YJP66UARC	96
61LTOFXWD6DFT8	73
GSGMFWA5X8WNVPO	77
61LTOFXWETWSB0	71
61LTOFY0YKPKSS	87
GSGMFWAION3FTL8	94
61LTOFY1088XAK	91
S79HOLAU8B0	93
S79HOLF09JG	99
61LTOGASCQWASC	97
61LTOGB1RT9B8C	97
S79HOMYDSIK	85
26C6D4FRT20YK	96
S79HON1YE58	99
S79HON2JTR0	91
3NKTB32GS	57
GSGMG72Z0BMS570	80
1AN26CZO98WYHIDZG	84
GSGMG72Z0DABHOS	78
GSGMG72Z4X14A6K	94
GSGMG72Z4YONMOC	98
26C6D5P7BE84C	88
61LTOJU0BY9DGC	99
26C6D5P7FK9CS	94
6501S	23
GSGNI1TOEL8OB8O	84
1AN29A52FSJNAVE94	88
GSGNI1TOEMW7NQG	82
GSGNI1TOJ6N0G88	98
26C6I2B7PMNCO	92
61LU26F5FHNW8O	95
GSGNI2T4HYER2H8	76
1AN29A7SWHW86IUDO	80
GSGNI2T4I02AEZ0	74
GSGNI2T4MJT37GS	90
1AN29A7SWUNMDAS98	97
GSGNI2T4MLGMJYK	94
26C6I2FRC96Z0	96
26C6I2FSZSR6K	88
61LU26RWJQMBMK	99
26C6I2FT3YSF0	94
A5HU1P7D4S	60
1AN29A83PAZAWN3V0	83
3LK29SEIAAI2XVIONG	87
1AN29A83PAZCK6GCS	81
1AN29A83PB3WAZ8UK	97
61LU26T5Z8YISC	91
61LU26T5ZD4K0S	97
H1W3YS	43
3LK8V7SQWEBTY64ZJC	88
9ZW8MPNUPZSV7K96VVS	92
3LK8V7SQWEBTZTOC14	86
GSHI9TN8R0U9OZC	96
1AN4MRACKB2CDOF7C	99
3LK8V7SQXDRXBC7QRW	92
9ZW8MPNUSQ9KK54UC0C	96
3LK8V7SQXDRXCZR39O	90
26CAHMQGEZG3G	76
9ZW8MPNUT12DN7UYLHO	99
9ZW8MPNUT12DN9IHXZG	97
3NL08GOOG	42
9ZW8MPNVUWSJ4UMXIRW	95
RRPJZ3ACHV395HQWG40C	99
9ZW8MPNVUWSJ4WAGV9O	93
61M54Z5I8J583G	79
A5ICNICIXG	62
3LKAHUFNMZYLS3XR6W	86
9ZWD5KJHNVW4IQ53PBC	90
3LKAHUFNMZYLTRH3OO	84
GSHPVD13SDXH12W	94
1AN57V472IUPA212W	97
3LKAHUFNNZEP5A0IFG	90
9ZWD5KJHQMCTVB0R5FW	94
3LKAHUFNNZEP6XJUX8	88
26CBH2YEYSWN0	74
9ZWD5KJHQX5MYDQVEX8	97
9ZWD5KJHQX5MYFEERF0	95
3NL1W08W0	40
9ZWD5KJISRWCCP0AXGO	99
9ZWD5KJISSVSG0IUC7G	93
RRPWJH28808B0I3JLV7W	97
9ZWD5KJISSVSG26DOP8	91
61M7VG7M7KZ6F0	77
RRPWJH2880J3TL7X9H70	98
A5IH8WONX0	60
GSHPVD4BOD365HC	97
GSHPVD4BOEQPHZ4	95
1AN57V4G0SFSWDVR4	96
3LKAHUGCI6ZWA8QFR4	99
1AN57V4G0SFSWZBCW	88
3LKAHUGCI71JD1UQTC	95
1AN57V4G0SKEAQ0QO	92
3LKAHUGCVW4IGCVLMO	97
61M7VG8RXMLC1S	74
GSHPVD4DLER9FYS	94
3LKC4H2KDLLDM1QIUG	88
9ZWHOFF4LRZDTW10IQW	92
3LKC4H2KDLLDNP9VC8	86
GSHXGWEYTR0OD6G	96
1AN5SYY1KQN26FMYG	99
3LKC4H2KEL1GZ7TA30	92
9ZWHOFF4OIG36GWNYVG	96
3LKC4H2KEL1H0VCMKS	90
26CCGJ6DIMD6K	76
9ZWHOFF4OT8W9JMS8CS	99
9ZWHOFF4OT8W9LABKUK	97
3NL3JJT3K	42
9ZWHOFF5QOZ1R6ER5N0	95
RRQ93UU3Y5DCVIG6RMFG	99
9ZWHOFF5QOZ1R82AI4S	93
61MALX9Q6MT4QK	79
A5ILUB0SWK	62
GSHXGWI6PQ6DHKW	99
GSHXGWI6PRTWU2O	97
1AN5SYYAJ085SRHMO	98
1AN5SYYAJ085TCX8G	90
3LKC4H398SOB6ZNIGW	97
1AN5SYYAJ0CR73MM8	94
3LKC4H39MHRAAAODA8	99
61MALXAVWOFADC	76
GSHXGWI8MRUGS2C	96
S7CPG0TWT34	80
GSIJD2VXJWTL1PS	99
GSIJD2VY3DW4D8G	96
26CFAOIBCPLHC	99
26CFAOIBDB134	91
26CFAOIY9AYBK	84
61MIHO4N64LKJK	95
S7CPG2HG5KW	78
26CFAOMWGVH1W	98
GSIJD3VDN9ZNSVK	97
3LKGTEWZJGZA2KK69S	99
GSIJD3VE6R274E8	94
26CFAOMWQGAV4	97
26CFAOMWR1QGW	89
3LKGTZT7VKS4FJT77K	86
9ZWURBH5VPQ4B7BA9FK	97
GSIJFTD02RJM6KG	98
1AN7HZXK4KFYKWWE8	96
3LKGTZT7WOSC2DK7Y8	99
1AN7HZXK4KFYLIC00	88
GSIJFTD0BYCAGJK	95
26CFB19R6FG8W	79
61MIINJ3HUX3PW	99
1AN7HZXK8R4ZGC3JK	98
61MIINJ3I53D4W	82
26CFB19R70VUO	71
61MIINJ3JIGG7O	91
1AN7HZXK93WDMILTC	90
1AN7HZXK94KG3E2BK	98
9ZWURBJWKJE9D152GG0	93
1AN7HZXWWM8PBC4CG	84
3LKGTZU7ELS6BRUB0G	95
61MIINKQKXM8LC	86
GSIJFTHLU5NY3PC	89
61MIINKQKY7O74	78
GSIJFTHLU71B6S4	98
3LKGTZU7EQBMQSUKTS	97
3LKGU00TDZ72FGXS5C	90
1AN7I00AL9SJH5S1S	92
GSIJFUCGFBID7PC	99
26CFB1ECK65MO	83
61MIINVUWB9VEO	86
26CFB1ECKRL8G	75
61MIINVUXOMYHG	95
1AN7I00APT8YI61V4	94
GSIJIC3T8HYRTTS	96
S7CPPFW9TJ4	86
GSIJL2KIL2V0PHC	84
GSIJLF9H79NYN0G	83
GSIJNT17XNR9L4W	97
GSIJO5Q6JUK7IO0	84
GSIKHT2EVQWR7WG	93
61MIWCNPO98J0G	80
3LKH25EOEIWY2TPNN4	99
1AN7KXMKBPIU3HCU8	91
3LKH25EOGIWBLYDWE8	94
61MIWGUEGJ5BUK	91
A5IZRQTIRK	57
GSIKI6SG6K3HFEK	94
S7CRD2I03KK	77
61MIWGUENGIY28	76
GSIKI6SGP5WML78	96
1AN7KYIY4N7BBOI4G	96
GSIKKJJ48BSENY8	85
26CFGBAWGDKN4	97
1AN7L54ZKGI2BF4LC	95
1AN7L55C9F494D24G	94
1AN7L582Q4GU0LXS0	87
1IS8RBFDOODUYGUZS	83
486GBVQQ0JQHZQU2ES	98
486GBVQQ0JQIMY69K8	87
1IS8RBFDOODWM07HK	81
486GBVQQ0JQML4KRSK	96
1IS8RBFDOOIGCSZZC	97
73LP51VM10ZVZS	88
JQ09U17T6V2FWFS	91
1IS8RBFLLPTJ3D7IG	90
486GBVRC0BROUR5X6W	97
1IS8RBFLLPY4H3WW8	94
73LP51WNJXHZRC	84
JQ09U1APFD1ZAYC	99
JQ09U1APG5AVFBC	87
73LP51WNLL1C94	76
JQ09U1APJYFQ0C4	91
1IS9CF986W67UUGVC	83
486HYIDMR5D9TOMU2C	98
486HYIDMR5DAGVZ17S	87
1IS9CF986W69IDTD4	81
486HYIDMR5DEF2DJG4	96
1IS9CF986WAT96LUW	97
73LRVIXQ02TUBC	88
JQ0HFKLO885N8JC	91
1IS9CF9G3XLVZQTE0	88
486HYIE8QXCTNJDQA0	99
486HYIE8QXEGOOYOUG	95
1IS9CF9G3XQHDHIRS	92
1IS9CF9G50J6DLWLK	98
73LRVIYRIZBY2W	82
JQ0HFKOKGQ56N1W	97
JQ0HFKOKHIE2REW	85
73LRVIYRKMVAKO	74
JQ0HFKOKLBIXCFO	89
486HYIE95LKRPCCG20	99
1IS9XJ32P3YKR82QW	85
486JL50JHR02ATRSVC	89
1IS9XJ32P3YMERF8O	83
486JL50JHR06906B3O	98
1IS9XJ32P4365K7QG	99
73LULZZTZ4NSMW	90
JQ0P13ZJ9L8UKMW	93
1IS9XJ3AM5E8W4F9K	90
486JL515HJ18IMRGI0	97
1IS9XJ3AM5IU9V4NC	94
73LUM00VI15WEG	84
JQ0P142FI38DZ5G	99
JQ0P142FIVHA3IG	87
73LUM00VJOP8W8	76
JQ0P142FMOM4OJ8	91
2K0QTFEPCD748	87
73M2HQSV6LJV48	98
73M2HQUMRHC6KO	91
2K0QTFJAQ3WI0	85
73M2HR5MKRQDE0	96
2K0QTS65631VS	67
73M2IQ92CWH7AS	82
BQQJHLZBFYY0WBGYNGO	93
1ISBMK2K7PM1O9U14	84
486OANR45F58NFBE44	99
486OANR45F59FO7IH4	95
73M2IQ933HTZ60	86
JQ1B00X8MHS5S20	89
73M2IQ9355DBNS	78
JQ1B00X8QAX0D2S	93
73M2IQAQ6AYA88	74
JQ1B011SPIF8DV8	89
486OANS3NC53NEY91K	91
JQ1B011SQ90L5QG	93
1ISBMK2WZSXTVO0UG	96
JQ1B011SQAO4I88	85
2K0QTSAQJTR9K	71
73M2IQLTR2NPKK	86
BQQJHMKF72ZJC3HOTAG	97
1ISBMK5AOEYMJXA2W	88
486OANYPNTK7FLC3EW	99
73M2IQLUHO0HFS	90
JQ1B01WOPUY8J7S	93
73M2IQLUJBJTXK	82
JQ1B01WOTO3348K	97
JQ1B2JO03V35EFC	81
1ISBMR2MOAQCR01MC	96
2K0QU5KJWIFK8	93
1ISBMYO52RQ1IWIMG	91
1ISBMZNEEXCXX5NPK	90
2K0QUV3FJY53C	77
73M2LQDJ7EU4AC	92
1ISBN78WTCAZHTL54	91
73M2QH9GCDXO3S	90
JQ1BLJY9EF0TX54	95
JQ1BLJY9EF1FCQW	97
JQ1BLJYB6RU7DC8	94
1ISBO7VFB2TC7S0LK	99
73M2QH9KXRODHK	88
JQ1BLJYM5T70FEW	93
JQ1BLJYM5T7LV0O	95
JQ1BLJYM6L4LK5K	99
73M2QHM7S7NIVC	71
JQ1BLKXPMD9CE2C	86
486OFA2VOD1TWLX4I0	94
486OFA2VOD1YI099HK	92
BQQJUFZZZO9FU111BEW	97
486OFA2VOD233ELEH4	94
BQQJUFZZZO9SLGUR66G	99
JQ1BLKXPMDKNDOO	76
1ISBO7Y5N65PCXZJO	91
BQQJUFZZZOEOZ0L07BC	97
JQ1BLKXPMDL8TAG	78
1ISBO7Y5N65R0HC1G	93
BQQJUFZZZOF1V05IUKO	95
BQQJUFZZZOF1ZLJUZK8	97
1ISBO7Y5N65RBSBNS	83
486OFA2VOD3ZWQOD2S	98
486OFA2VOEJXBNL4CO	88
BQQJUFZZZSFCKDTZ1U0	93
BQQJUFZZZSFCKDUKHFS	95
JQ1BLKXRA6NTGZS	78
1ISBO7Y5RSAI5V6ES	93
BQQJUG00ZAAUGJUZ2A0	99
1ISBO7Y5RSAIH6614	83
486OFA2W16L7BP4Q44	98
1ISBO7Y5RSAIHRLMW	85
486OFA2W16L7DNZ288	90
BQQJUG00ZACCFDIAX54	95
73M2QHMCDLE894	75
JQ1BLKY2DRFIWC4	90
486OFA2YETR6HHKKJS	98
486OFA2YETRB2VWPJC	96
486OFA2YETRFOA8UIW	98
JQ1BLKY2DRQTVYG	80
1ISBO7Y6MM92J0QPG	95
JQ1BLKY2DRRFBK8	82
1ISBO7Y6MM946K378	97
BQQJUG07L6TGT02NFIG	99
1ISBO7Y6MM94HV2TK	87
486OFA2YEV99WJ8KEG	92
BQQJUG07LATRIDR3MRS	97
BQQJUG07LATRIDRP2DK	99
1ISBO80ODZOUTS6YW	84
486OFA9VQV51MQBBXW	99
486OFA9VQV51N1MBK8	89
486OFA9VQV51N27R60	91
BQQJUGJG6MI0K2GUFBC	96
WM9R4LY0YEI29IF5A1C8	96
73M2QHZM6Y2WJS	96
486OFAHH99M1BI7SY0	95
486OFAIGILRO7WGY14	94
BQQJUH79VOGV9YIDHQG	99
73M2QIP52LIM2W	80
JQ1BLNXU37RPB1W	95
JQ1BLNXU3830AO8	85
JQ1BLNXU383LQA0	87
1ISBO86HZKYIBNYFC	92
486OFAQ2106M9H4VGO	94
BQQJUHSDMSIDUBWUCY0	99
X4L7FAXSI88	64
2K0QWMIDV6LV8	79
JQ1BLYKZEF3GH6W	87
JQ1BLYKZJ0HSM6G	85
1ISBO902AOTDQSKJS	90
JQ1BLYKZNLW4R60	87
1ISBO902B1KTKIFBC	92
2K0QWMIE6HLHK	69
73M2QMJ3E0VNSK	84
1ISBO902FXYDARGG8	90
2K0QWMIE7313C	71
73M2QMJ3FOF0AC	86
1ISBO902GAPRGXYQ0	94
1ISBO902GAUCVA3PK	88
486OFD06TA4BR7D9MW	93
1ISBO902GAYY9M8P4	90
486OFD06TAH37134EG	95
73M2QMJ3FZPZWO	76
JQ1BLYL1KF87PRO	91
486OFD06TFDGQRC5JC	97
JQ1BLYLRBZKZ8LK	89
1ISBO904FXAUL6UIW	94
1ISBO904FXAULSA4O	96
1ISBO904FYYNOCXU0	96
JQ1BLYLRGKYPXZC	93
1ISBO904GA28RDCSO	98
JQ1BLYMHHU54H1K	89
1ISBO906GLJQJQAYW	94
1ISBO906GLJQKBQKO	96
JQ1BLYMU99YUBT4	87
1ISBO907G1RP3JRIG	92
1ISBO907G1RP45748	94
486OFD0KOKWXRTQQDK	99
1ISBO907G1SH14W94	90
486OFD0KOKZ3BGWJYG	95
486OFD0KOKZ3BHHZK8	97
2K0QWMJ642Q88	67
73M2QML8ZBKTV8	82
1ISBO90J2N69A2P6W	90
1ISBO90J2NAUOEU6G	88
486OFD1GZCQ584ISJS	93
1ISBO90J2NFG2QZ60	90
486OFD1GZD2WNY8NBC	95
73M2QML8ZMVTHK	72
JQ1BLYR0YZKDVSK	87
486OFD1GZHZA7OHOG8	93
73M2QML8ZNH93C	74
JQ1BLYR0Z17X8AC	89
486OFD1GZIC1LUO6Q0	97
486OFD1GZIC6790BPK	91
BQQJUO836MXT85C7HMW	96
486OFD1GZICASNCGP4	93
BQQJUO836MY5ZL5XCEG	98
JQ1BLYR0Z1J87WO	79
1ISBO90J2PC9ETXRO	94
1ISBO90J3F3TRLGLK	92
486OFD1H1HYMOYX2IW	97
486OFD1H1HYMOZII4O	99
486OFD1H1I0AI235U0	99
1ISBO90J3F8F5C5ZC	96
1ISBO90J459OBQP1K	92
486OFD1H3IMVKXGIYW	97
486OFD1H3IMVKY1YKO	99
X4L7FCLBUQ0	56
2K0QWMMZ8XB90	71
JQ1BLZKFHS9J8CO	79
1ISBO92SR1EIHF67O	94
JQ1BLZKFMDNVDC8	77
1ISBO92SRE5YB50Z8	92
1ISBO92SRE5YMG0LK	82
486OFD7RW3CK6CHMWK	97
JQ1BLZKFQZ27IBS	79
1ISBO92SRQXE4UVQS	94
1ISBO92SRQXEG5VD4	84
486OFD7RX2SS4WB3G4	99
2K0QWMMZK8AVC	61
73M2QMVUS7262C	76
1ISBO92SWNAY6EWI0	82
486OFD7SAOQEXTE910	97
2K0QWMMZKTQH4	63
73M2QMVUTULIK4	78
1ISBO92SX02CCLERS	86
1ISBO92SX06XQXJRC	80
486OFD7SBOJ9QT6UYC	95
486OFD7SBOJ9R4HUKO	85
1ISBO92SX0BJ59OQW	82
486OFD7SBOW16MWPPW	97
486OFD7SBOW16Y7PC8	87
73M2QMVUU5WI6G	68
JQ1BLZKHNSEAGXG	83
486OFD7SBTSEQOGQH4	89
JQ1BLZL7FCR1ZRC	81
1ISBO92UWMNF5JAYC	96
1ISBO92UWMNFGUAKO	86
1ISBO92UWMNFHFQ6G	88
486OFD7XUMX30QZOJS	93
BQQJUOQ213PCBHW0X8O	98
1ISBO92UWOB8K0DVS	88
486OFD7XURJ7RWDIX4	93
486OFD7XURJ7RWYYIW	95
JQ1BLZL7JY4SP54	85
1ISBO92UWZETN0SUG	90
1ISBO92UWZETNM8G8	92
486OFD7XVMD6DX2FPK	97
486OFD80DDQM48ZJUW	95
JQ1BLZLXL7B787C	81
1ISBO92WXAWB42REC	96
1ISBO92WXAWBFDR0O	86
1ISBO92WXAWBFZ6MG	88
486OFD83GI9RSP1CZS	93
JQ1BLZMACN4X2YW	83
1ISBO92XWR49NW7XW	98
1ISBO92XWR49Z77K8	88
1ISBO92XWR49ZSN60	90
486OFD866ZBVRQVBBC	95
BQQJUOQP7GAZ0FPKOCO	97
BXBYMD6SSO	61
X4L864MVYNO	76
73M2WF0XTS9AA0	86
73M2WFDP9LZ51K	84
JQ1C22Q26P1LZCK	99
JQ1C22Q27HAI3PK	87
486OITCKP998XLHUFC	98
X4L86WVS30O	64
2K0QYR7CA0CVO	79
JQ1C2EE5OOL3WI0	89
BXBYO0Q5AG	53
X4L8AQ0MO1G	68
1ISBPP796WAU9O9JC	92
73M2XEH16YC1FS	78
JQ1C4S7BBBDFYUS	93
73M2XETSMS1W7C	80
JQ1C4T6RJ9X9FEC	95
486OJEGBTAROPM8094	94
73MWBTUOU25JAG	65
JQ3LSUX8ZHZDK1G	80
WMDJ2O6J623GIID180VC	98
JQ3LSUX9056PR6W	69
1ISI0K5WD0EENJI5W	84
73MWBTUOVPOVS8	63
JQ3LSUX943D49F8	78
WMDJ2O6JDNLUXGCYCLT4	96
73MWBTUTFGHOA0	79
JQ3LSUXLQXT3ET0	94
JQ3LSUXLRJDHP2G	86
73MWBTUTH410RS	83
JQ3LSUXLVJ6U46S	98
73MWBTUY94IJQG	95
X4P1H4GBDEW	99
X4P1H4GWT0O	91
73MWBU7G88C9A0	88
JQ3LSVWP3ICSQ2G	92
73MWBU7G9VVLRS	86
WMDJ2PTQP765Y4JYA16G	94
JQ3LSVX1UB9X7ZS	91
1ISI0K8NT47BV18FS	94
JQ3LSVX1UBAINLK	83
1ISI0K8NT47D7TIWK	98
BQRWSC6DXWNGWGPVIRC	92
1ISI0K8NT5UENK3W8	98
1ISI0K8NT5UEO5JI0	90
WMDJ2PTQWSOKD2JVEM48	98
JQ3LSVX1YWNNXDK	95
1ISI0K8NTGYQ17QPK	98
JQ3LSVX1YWO9CZC	87
73MWBU7PNAP9Q0	94
48761K87E357MXOGC8	92
48761K87QS3TTQMDVC	91
X4P1H63UXMG	70
2K11K3OYPXDDG	85
JQ3LSW1Z8NS0Z3S	91
JQ3LSW1ZD96D43C	93
1ISI0K91I8THZ6EBC	96
2K11K3OZ0OFEG	73
73MWBU9D9VUR5G	88
1ISI0K91MG1Y904VS	94
48761K96V1QUVV2ET4	97
JQ3LSW2C4NCJMD4	89
48763EH4VNSFIXWKX4	86
BQRWXG7LJY2Z59DUA5K	90
48763EH4VNSFKLFXEW	84
BQRWXG7LJY2Z97K8SDW	99
JQ3M1H0V27PR0L4	91
1ISI183AEA5FTSNP4	94
48763EH53KTV72SXFS	93
48763EH53KTZSGJMTK	97
JQ3M1H0W3QM94CO	87
1ISI183AH6EQ286KO	90
JQ3M1H0W3S9SGUG	79
1ISI183AH6IJ72RLG	94
BQRWXG7N2HF9MPTOMW8	95
WMDJGX182WEER4DNRROO	99
BQRWXG7N2HF9MRH7ZE0	93
1ISI183ALDHWCZN7S	94
48763EH5FDHQOBWKZS	97
1ISI183ALDHY0IZPK	86
48763ZKYQ607VUA6SO	88
BQRWZ2U8GOOLX3BN1T4	92
48763ZKYQ607XHTJAG	86
JQ3M47HX66RKYWO	93
1ISI1FOTS56SWZZSO	96
48763ZKYY31NJZ6JBC	93
48763ZKYY31S5CX8P4	97
JQ3M47HY7PO32O8	87
1ISI1FOTV1G35FIO8	90
JQ3M47HY7RBMF60	79
1ISI1FOTV1JWAA3P0	94
48764KOSKO808QNSO8	90
BQRX0PGVDFA8OX9FTGO	94
48764KOSKO80AE7560	88
JQ3M6XYZA5TEX88	95
1ISI1NAD608607BW8	98
48764KOSSL9FWVK56W	95
48764KOSSL9KI9AUKO	99
JQ3M6XZ0BOPX0ZS	89
1ISI1NAD8WHG8MURS	92
JQ3M6XZ0BQDGDHK	81
1ISI1NAD8WL9DHFSK	96
73MWJQJD2DC11K	92
JQ3METPU2Y63B60	96
73MWJQJHNR2QFC	90
73MWJQW4I71VT4	72
JQ3MEUP8IJL8BW4	87
WMDK31MWYL4DZQMZOAQ0	98
487669PS26TNPNPJYG	89
JQ3MEUP8JA6L3RC	91
1ISI299A3PL2JIJBC	94
JQ3MEUP8JBU4G94	83
1ISI299A3POVOD4C4	98
JQ3MEUPA6CZPETK	79
1ISI299A89O36L54K	94
BQRX5EZMXKVDQ9UM9MW	96
1ISI299A89OTRXWZS	98
1ISI299A89OVFH9HK	90
73MWJQW93KSL6W	76
JQ3MEUPL9XREU5W	91
487669PUSNJ0AJD008	93
JQ3MEUPLAOCRM14	95
1ISI299B35OFPLAH4	98
JQ3MEUPLAQ0AYIW	87
1ISI29BSUH2FUI5OO	86
73MWJR9IWXH9HK	98
48766A4DN1VRPIC8JS	96
48766A5CWE1ELWLDMW	95
73MWJRZ1SKWZ0O	82
JQ3MEXPCZE3L8VO	97
48766ACYESGCNH9B2G	96
X4P2IP0D1E0	66
2K11MZXH07TX0	81
JQ3MF8E0E0H0EVC	91
JQ3MF8ED5GAQ9MW	89
1ISI2ABBWJ621UUYW	92
2K11MZY993YA0	69
73MWJVV5PAZ6T0	84
1ISI2ABNKMN9CGNRC	94
X4P2IQNWDVS	58
2K11N022DYJAS	73
48766CUWR60CI93ZGO	97
JQ3MF9DGHDN3614	83
1ISI2AE1DS9W4SQ44	98
JQ3MF9DT8TGT0SO	85
BQRX5NQB5QU0BC1W0UG	99
JQ3NBE9JHLMK3XK	74
1ISI4RNMI4W2NUW8K	89
1ISI4RNMI4WPV73E0	78
4876D8TMIDMVUNPDX0	93
JQ3NBE9JHNA3GFC	72
1ISI4RNMI50O1LLMC	87
JQ3NBE9JM70W8X4	88
1ISI4RNMIHO41Z19K	95
JQ3NBE9JM8OFLEW	92
JQ3NBE9W8ZSQTX4	97
JQ3NBE9W91GA6EW	95
1ISI4RNNHXQVYZZSO	92
4876D8TP9TSBUOBF94	99
1ISI4RNNHXVHCQP6G	96
2K11R5ZWNDB5K	79
73MWVGNQOWYYGK	94
73MWVGNQP7Q0HK	82
JQ3NBE9Y61G9BSK	97
1ISI4RNNN81810YK8	98
BQRXOUXV3VWGOCAME3S	91
WMDLL1Y2ESM6BMSPJCO8	95
BQRXOUXV3VWGODY5QLK	89
1ISI4RYZ2T2RG2B3S	96
4876D9P5FSRO8X5VJS	99
BQRXOUXV43TI40FIQMG	96
1ISI4RYZ2U4ACKEVC	90
4876D9P5FVNXJ5LEFC	93
1ISI4RYZ2U4C03RD4	82
4876D9P5FVO1CAFZG4	97
BQRXOVIYXQEOGP6ZZZC	93
WMDLL3KP1PCRYEMNC4BS	97
BQRXOVIYXQEOGQUJCH4	91
1ISI4S1PJV6QHW9FC	98
BQRXOVIYXYBPWDBWCI0	98
1ISI4S1PJW89EED6W	92
4876D9WQZ9IYW8SQIW	95
1ISI4S1PJW8B1XPOO	84
4876D9WQZ9J2PDNBJO	99
JQ3NBM685TXQLOO	99
JQ3NBM68AFBHB2G	97
JQ3NBM6KX9RGGG8	79
1ISI4S9MA4F49PO38	94
BQRXOX7ZX7XA4641R9K	96
1ISI4S9MA4FUV2FYG	98
1ISI4S9MA4FWILSG8	90
1ISI4S9MA62XO6R0O	86
4876DAIPW8W6BFN58O	97
JQ3NBM6L1V575U0	83
1ISI4S9MAH6IFW6D0	98
1ISI4S9MAH7AOSAQ0	94
4876DAISEV3JVUO1FS	93
JQ3NBM7NUK5BJNS	89
2K11R71FJVEX4	73
73MWVJJZ779F04	88
1ISI4S9ZYWAL5HR2G	98
1ISI4S9ZZ920Z7LU0	96
4876DAJRXX5NI20QQ0	99
73MWVJJZZG5JD4	76
JQ3NBMBJYGVDRG4	91
2K11R71H7EREW	65
73MWVJK3SL04DW	80
1ISI4SA0YCDYBKI88	90
1ISI4SA0YP5E5ACZS	92
73MZ2AK1EXSZC8	69
JQ3TEDBNXHWI4Z8	84
JQ3TEDBNY53UC4O	73
1ISILNX0EIU6O9NZO	88
73MZ2AK1GLCBU0	67
JQ3TEDBO23A8UD0	82
73MZ2AK60C54BS	83
JQ3TEDC0OXQ7ZQS	98
JQ3TEDC0PJAMA08	90
73MZ2AK61ZOGTK	87
73MZ2AKAU05ZS8	99
X4PE8IN3BAG	95
73MZ2AWST3ZPBS	92
JQ3TEEB41I9XB08	96
73MZ2AWSURJ1TK	90
WMDVN1Z00130LB2KRLO8	98
JQ3TEEBGSB71SXK	95
1ISILNZRUMN3VRE9K	98
JQ3TEEBGSB7N8JC	87
BQS1B6GX4OP7RUL26D4	96
1ISILNZRUOA6OVPBS	94
JQ3TEEBGWWKSIBC	99
JQ3TEEBGWWLDXX4	91
73MZ2AX286CPRS	98
4877O6NIMAD1GYCN20	96
4877O6NIYZBNNRAKL4	95
X4PE8KA1FW8	74
2K12JJSBW04J8	89
JQ3TEEGE6NP5K1K	95
JQ3TEEGEB93HP14	97
2K12JJSC6R6K8	77
73MZ2AYPURI778	92
1ISILO05NYHQ9QAPK	98
JQ3TEEGR2N9O7AW	93
4877Q0WG3V09CYKRMW	92
BQS1GAI4QQ4Q0N90XRC	96
4877Q0WG3V09EM444O	90
JQ3TMZFA07MVLIW	97
4877QM09YD81PUYDIG	86
BQS1HX4RNGQCSH6TPEW	90
4877QM09YD81RIHQ08	84
BQS1HX4RNGQCWFD87N8	99
JQ3TPPWC46OPJUG	91
1ISIMJFXTNMKXQ5MG	94
4877QM0A6A9HDZUQ14	91
BQS1HX4S9GIDYOZTD1K	98
4877QM0A6A9LZDLFEW	95
JQ3TPPWD5PL7NM0	85
1ISIMJFXWJVV65OI0	88
JQ3TPPWD5R8R03S	77
1ISIMJFXWJZOB09IS	92
4877R743SVFU2RBZE0	88
BQS1JJREK7BZKB4MH2G	92
4877R743SVFU4EVBVS	86
JQ3TSGDE85QJI60	93
1ISIMR1H7INY0XHQ0	96
4877R7440SH9QW8BWO	93
4877R7440SHEC9Z1AG	97
JQ3TSGDF9ON1LXK	87
1ISIMR1HAEX89D0LK	90
JQ3TSGDF9QAKYFC	79
1ISIMR1HAF11E7LMC	94
73MZA78PN8ZH3C	94
JQ3U0C490Y37W3S	98
73MZA78U8MQ6H4	92
73MZA7LH32PBUW	74
JQ3U0D3NGJICWTW	89
4877SW53ACJE4MPQTK	97
4877SW53AE1HJODQO8	91
JQ3U0D3NHA3POP4	93
1ISIND0E580UK8P54	96
JQ3U0D3NHBR916W	85
JQ3U0D3P4CWTZRC	81
1ISIND0E9S3V7BAYC	96
BQS1O9A64CX4LNPSX8O	98
1ISIND0E9S4NG7FBC	92
73MZA7LLOGG18O	78
JQ3U0D407XOJF3O	93
4877SW560UQU4K16Q0	95
JQ3U0D408O9W6YW	97
JQ3U0D408PXFJGO	89
1ISIND2WVZI7V8BIG	88
4877SWJOV93LJJ0F9K	98
4877SWKO4L98FX9KCO	97
73MZA8OEDGKF2G	84
JQ3U0G3RXE0PTTG	99
4877SWS9MZO6HHXHS8	98
X4PFA36JJNS	68
2K12MG0U6AL2S	83
JQ3U0QQX8LCGZYG	91
JQ3U0QSFC0E4ZT4	93
JQ3U0QSS3G7UUKO	91
1ISINE2FY1LU2L0SO	94
2K12MG1MF6PFS	71
73MZACKIA6MMUS	86
1ISINE2RKMZMBITQG	94
1ISINE2RM531D6TL4	96
X4PFA4U2W5K	60
2K12MG5FK1AGK	75
JQ3U0RQDBYIJR48	83
1ISINE51917VIVAR8	98
4877SZA7ZD86C9S66G	99
JQ3U0RRVFDK7QYW	85
JQ3U0RS86TDXLQG	87
BZGNHHKKQ0	47
XAI98KT5J90	62
1J240PVN8IAWWON6W	80
48XV5ZVWJMUBESGE5W	95
74VQNA7GO2ZP7S	92
74VQNA7L9HBU7C	84
JTK60OD32C4VVEC	99
XAI98L3WDK8	96
2KH6PNUN59X48	99
XAI98L4HT60	88
XAI9980HQEG	51
2KH6PPM9D9B5G	66
48XV62U458OYNZ1ZZC	84
BSU2KVVNIK5CALDJX6C	99
JTK612482GRM1K8	96
JTK61248725Y6JS	88
2KH6PPM9OLL2G	92
BZGNJ53X7S	45
XAI9D66W8MS	60
1J240XH5MX8WTT84O	78
48XV6KZNNOCR6T6JZO	93
74VQO9NK192GDK	90
74VQO9NOMNELD4	82
JTK63ETSEX0JBG4	97
XAI9D6HN2Y0	94
2KH6Q0M1BGFE0	97
XAI9D6I8IJS	86
BZGS2VWPPK	61
XAIM00MVE0K	76
1J24LTPHQQ39T292G	82
48XWSMITA8H38Q95TG	97
74VTDR9KN4TNJC	94
74VTDR9P8J5SIW	82
JTKDM7QY3P837HW	97
XAIM00XM8BS	93
2KH7P42LP3DNS	96
XAIM00Y7NXK	85
XAIM0M79OA0	68
2KH7P5PO6VET0	83
48XWSP9I3WM52VDMQW	89
JTKDMKIZWG999RC	89
2KH7P5POI7OQ0	92
BZGS4JG27C	65
XAIM4M0M3EC	80
1J24M1B05519Q6U08	86
74VTEQPO0AWEP4	98
74VTEQPSLP8JOO	86
XAIM4MBCXPK	97
XAIM4MBYDBC	89
74VVWI2QDJZASO	87
BZGWWJXL60	77
XAIZEFDARP0	92
74VYMYS2YG86G8	93
74VYZNQP5963ZC	92
BZH63CLV54	97
JTM1F2PC9DCGRCG	96
XALEFZXXSDK	82
2KHFG4FU9USOK	97
2KHFG4GHH6ZU0	86
JTM1F3OSCP6SRNS	98
JTM1F3OSCQIJII8	94
XALEG1LH4VC	80
2KHFG4KFNLI2C	95
JTM1HT6EDB2JYTK	98
JTM1HT6EDCEAPO0	94
XALEKLC9XD4	80
2KHFGH7A3KNG4	95
2KHFGH7VNYXPK	87
JTM1HU5UGPKDGTS	98
XALEKMZT9UW	84
2KHFGHBVHBCTW	99
JTM1NF1RGVDQCIW	99
JTM1NF1RGX19P0O	97
JTM1NF1RLGS2HIG	97
4BC63AZE0	86
2KHFLE7O39FXK	99
2KHFLEC7U28FC	98
BZHSXHUJU0	89
2KHFLQK88RWG8	96
2KHFLQK9KINAO	92
4BC63WEZS	78
BZHSYU1MES	93
2KHFLQZ0LWLPK	93
74WFCEXAC1WH60	97
2KHFLQZ29FY7C	91
2KHFLR3M08QP4	90
74WFCFA1Q8OF1K	97
2KHFLR3NNS36W	94
JTM2MJCJ72QU5WO	99
2KHFLRD12LR54	94
1JX9Z7AG	81
4BCFPS81G	96
XANJEDFPZFS	97
4BCG14HYG	84
BZIKJ4HUPG	99
1JXAKMW8	73
4BCHDBKJ8	88
74WY3XDQ7DM4X4	94
XANW5RLWHPK	89
BZTEVNRAPK	73
XBHPBXZTQ0K	88
1J3QN56VFQ4QXD1MG	94
753C5OMJ9EGMUW	89
XBHPBY9ZCFS	96
2KJX6D780XKVS	99
XBHPBYAKS1K	88
XBHPCL6KPA0	77
2KJX6EYU9I6T0	92
492E0DDAXAFU1U8VAW	98
JU59S65QMU6OK3C	93
2KJX6EYUK98U0	92
BZTEXBAN7C	71
XBHPGJDKFEC	86
1J3QNCSDU52QUHMK8	92
753C6O2MMKJE0O	87
XBHPGJNQ1TK	94
2KJX6PYM7435K	97
XBHPGJOBHFC	86
1J3R890PXXX3TQNI0	79
492FMX202A7YMM1910	94
492FMX202A7YMWSB20	94
753EW5OIN1YG6W	91
492FMX22SQXBY1AO54	94
JU5HDBSGJHJKFCO	93
1J3R890R1Y4QNHO8O	96
JU5HDBSGJHK5UYG	85
492FMX235FVY4U8LO8	93
753EW5ORTUMQ60	92
XBI23E3P77C	76
2KJY5TF69ZZEC	91
JU5HDBWNWKVV308	99
2KJY5TF6KR1FC	79
753EW5Q69N3XMC	94
XBI23E4AMT4	68
2KJY5TF7XJBW4	83
JU5HDBX0NZ21LA0	95
492FMZSOVYD0GQKI2G	86
JU5HDOKI7MVNIBC	98
JU5HDOKIC89ZNAW	77
1J3R8A08YXYZR0P9W	92
1J3R8A08YXZ01RRAW	92
JU5HDOKIGTOBSAG	99
2KJY5V29D9WVS	83
753EWAAA0VJBAS	98
753EWAAA16ADBS	86
2KJY5V29DVCHK	75
753EWAAA2J2NSK	90
1J3R8GM8CCV3QV8FS	83
492FNI5R6BQEEMREUS	98
492FNI5R6BQEEXIGVS	98
753EX54M0817CO	95
492FNI5TWSFRQ20TYW	98
JU5HG295W2F7VEG	97
JU5HG295W2FTB08	89
492FNI5U9HEDWUYRI0	97
753EX54V70PHBS	96
XBI27ZHFWL4	80
2KJY666KG6HO4	95
2KJY666KQXJP4	83
753EX569MT6OS4	98
XBI27ZI1C6W	72
2KJY666M3PU5W	87
JU5HG2DQ0JXP1BS	99
753HEWHODH43G8	89
BZTOAQ4B5K	79
XBIFHSJYYGK	94
753K5D70YDCZ3S	77
JU5VYWNINH41HIS	92
753KI25N56AWMW	76
JU5WY5ZOADIAMLW	91
753MVTWDJ9LURC	98
753N8IUZQ2JSAG	85
JU7566QUTPF6VPK	97
JU7566QUTQQXMK0	96
XBKUJD40R94	82
2KK5WTSF63OC4	97
JU7566QVHWVA8QG	98
2KK5WTT2CUNLK	86
JU7567QAX2L9MVC	95
JU7567QAX2LV2H4	99
JU7567QAX3X0DPS	94
XBKUJERK3QW	80
2KK5WTX0JUDPW	95
JU7567QBLA1CZW8	96
1J3VUKSMTELF08EYG	87
492SHH6QPU7VNJQWXK	88
BT7R4JQQ7RXVY0EKIM0	95
492SHH6QPU7VP7A9FC	92
JU75BFYQN0XXPBS	98
XBKUSS6DRP4	88
JU75E6FFZLU6KZC	87
JU75EJ4ELSN4IIG	86
JU75H9KC57UMTDK	97
JU75H9L3YDJDE60	90
JU76ASUIBYGZ7RC	93
JU76ASUIGJVBCQW	93
JU76ASUIL59NHQG	95
2KK623A0BZJM0	75
7540TT3SXAQG50	90
1J3VXI04WJ46UT98O	96
1J3VXI04WJ8S95E88	98
7540TT3SXMMVD4	84
JU76ASUKDEVJ3G4	99
2KK623A0CKZ7S	79
7540TT3SYY9SMS	94
1J3VXI04WW06FBWI0	96
1J3VXI04WW4RTO1HK	98
JU76ASUUK5N93HS	88
JU76ASUUK7ASNPC	96
JU76ASUUK8YC7WW	98
2KK623A1NQAGG	74
1J3VXI05OY0D87C34	93
1J3VXI05OY0EVQWAO	99
7540TT3WLX5HFK	85
2KK623A1NQI68	82
1J3VXI05OY509HLOG	99
4BGRH1WHK	60
7540TT3XDPDI0G	89
7540TT3XDPDPQ8	97
BZUKBDA7SK	75
2KK623K8YX3P4	99
1J3VXI8XVAUUQ13BC	96
1J3VXI8XVAUW1RU5S	95
2KK623OSPPW6W	81
7540TU8VRFXE5W	96
1J3VXI8XVBJ264GC8	98
7540TU8WCZQGJC	88
1J3VXI8YUQY97ULBK	99
2KK623OUD98OO	85
JU76AWXCA9VX3EG	95
1J3VXIEJQNJMO2RRC	96
1J3VXIEJQNJNZTILS	95
2KK623Y7S2WMW	81
7540TUZ1M02MLW	96
1J3VXIHA7PNLPWQ2W	98
1J3VXIHA7PNN1NGXC	97
2KK6242T6F1MG	83
7540TVBT1TSHDG	98
7540TVBT24JJEG	86
1J3VXIHA8HVJSDNG8	97
1J3VXJDJYLLPLMX3C	96
1J3VXJDJYLQAZZ22W	96
1J3VXJDJYLUWEB72G	98
7540TZIDAY9WY0	78
JU76BAN0YF7JHH0	93
492SP5TNG9M7JSNMKO	99
JU76BAN0YFJFWP4	87
7540TZIDAYVCJS	82
JU76BAN0YGV2TYS	97
492SP5TNG9Z3JD69U0	99
1J3VXJDJYXTWRWSTS	91
1J3VXJDJYXTYFGD1C	99
7540TZIDCA0NSG	77
492SP5TNH213Q61PF4	96
JU76BAN123TYIRK	88
7540TZIDCA0VI8	85
BZUKBO19TK	63
JU76BAN12VM6JCG	92
XBKWGERJ94K	78
492SP5TW98DY7NVGNC	99
492SP5TW98DY8ZM7HS	98
7540TZIS3C09IW	84
JU76BAO619CQFHW	99
JU76BAO61UWJHVC	91
7540TZIS4ZJM0O	88
1J3VXJDO1FK10KSQG	98
492SP5U1V3QMZLX53C	99
492SP5U1V3QN0XNVXS	98
7540TZJ1IED9YW	84
JU76BAOW73WVNXW	99
2KK62GBLHK9H4	93
7540UTC8BZ19TK	97
2KK62GBN53LYW	91
1J3VXPUG9PSUN5O94	88
492SPNSL6ZO54NNRK8	97
1J3VXPUG9PSUNR3UW	92
1J3VXPUG9PSVYWF3K	87
492SPNSL6ZO8SY6DMO	98
1J3VXPUG9PSVYWMTC	95
2KK62GG6VWEGO	73
7540UTOZ4M05BO	88
BT7RRA3EVJ5U5SQEJ5K	99
1J3VXPUG9QH2391A0	90
492SPNSLJTKICLL05K	95
492SPNSLJTKICM6FRC	99
492SPNSLJTKIDXBR00	94
7540UTOZQ5T7P4	80
JU76DMHF8O55CS4	95
492SPNSLJTL6K1OD6G	97
1J3VXPUH95W7T8FEW	92
1J3VXPUH95W7TTV0O	96
1J3VXPUH95W94Z69C	91
1J3VXPUH95W94ZDZ4	99
2KK62GG8JFQYG	77
7540UTP3PZQUPG	92
1J3VXPUH96KF9BSFS	94
JU76DNE1MURKJG8	87
2KK62GL0JX9X4	99
1J3VXPZPH8US0BF7C	97
1J3VXQ0267GYT9CQG	96
1J3VXQ2SM4LLN1B0O	94
1J3VXQ2SM4LLNMQMG	98
1J3VXQ2SM4LMYS1V4	93
2KK62GU7CLJW8	79
7540UURWEZV8J8	94
1J3VXQ2SMWTJPI8E0	93
1JYXIRI0	55
4BH144D10	70
754GVV3BMF3HIW	90
XBMZHQLSYBC	76
2KKBUL9WKFAIC	91
JU8EZLIW9S5W054	99
XBMZMC053AW	78
2KKBUY1CE559W	93
2KKBUY1COW7AW	81
754GXYJR95G99W	96
JU8F2BZLMD24VSO	92
1J3ZDUHAW24A8BCOO	95
4BH1EVF20	58
BZVBXB9SL0	73
JU8FYPSJAUAC12W	93
2KKBZ59SYPXVC	79
754H9MN8GG222C	94
754JMBSO7AQXKO	82
JU8MI0RN89UT8FO	97
XBNC4JDNBLK	94
JU8MKR8CLLA2NJS	92
JU8ML3XB7S30L2W	91
XBNCDQ6BLKO	74
2KKCUE4PK7WFO	89
JU8MNUE0KCZ9GQG	88
JZYDHO4OKHKOPTK	96
1JJVHH3108WTRER5K	99
4AB7GJGF0LDXWG6J48	98
JZYDHO4PM0H6TL4	92
1JJVHH313563ZUA14	95
JZYDHO4PM24Q62W	84
1JJVHH31359X4OV1W	99
JZYDKELQOGMIO54	96
1JJVHOOKE3Y6UM394	99
4AB7H4K8V3LQ9CK4ZS	96
JZYDKELRPZJ0RWO	90
1JJVHOOKH07H31M4O	93
JZYDKELRQ16K4EG	82
1JJVHOOKH0BA7W75G	97
JZYDN52SSFOCMGO	98
4AB7HPO2PLTIM8XQVC	98
JZYDN52TTYKUQ88	92
1JJVHWA3UV8U68Y88	95
JZYDN52TU08E2Q0	84
1JJVHWA3UVCNB3J90	99
776M9Q7S0B4G20	95
JZYDV0TNL8110EG	99
776M9Q7WLOV5FS	93
776M9QKJG4UATK	75
JZYDV1T20TG614K	90
4AB7JEP1Z7DQF135MW	92
JZYDV1T21K1ISZS	94
1JJVII90POCGH4MRS	97
JZYDV1T21LP25HK	86
JZYDV1T3OMUN420	82
1JJVII90U8FH478L0	97
BWN4XWTMHAF58R0EHJC	99
1JJVII90U8G9D3CY0	93
776M9QKO1IL07C	79
JZYDV1TES7MCJEC	94
4AB7JEP4PO32ZWQLOO	96
JZYDV1TESY7PB9K	98
JZYDV1TESZV8NRC	90
1JJVIIBJGFTTS4954	89
4AB7JF3NK2FUEVPU88	99
4AB7JF4MTELHB9YZBC	98
776M9RNGQIPE14	85
4AB7JFC8BT0FCUMWQW	99
JZYDV9K2ESXMHXK	98
JZYDV9K2JEBD7BC	96
JZYDV9KF68RCCP4	79
1JJVIIUKQ5CBYB8S4	94
1JJVIIUKQ5CC9M8EG	84
4AB7JGCXKMUA2PRB5G	99
1JJVIIUKQ5CCA7O08	86
4AB7JGCXKMUA4OLN9K	91
BWN4Y1FX9BHK2F91CUG	96
1JJVIIUKQ705CSBPK	86
4AB7JGCXKRGEVTZHMW	91
4AB7JGCXKRGEVUKX8O	93
BWN4Y1FX9O9LCH9FAQ0	98
JZYDV9KFAU5322W	83
1JJVIIUKQI3Q4HR1W	98
1JJVIIUKQI3QFSQO8	88
1JJVIIUKQI3QGE6A0	90
4AB7JGCXLMADHUOEFC	95
4AB7JGD03DNT86LIKO	92
BWN4Y1G49DY56QN2K20	97
BWN4Y1G49DY56QNNZNS	99
JZYDV9LI3J57FWO	88
1JJVIIUNQ9T6RZ5E0	93
1JJVIIUNQ9T6SKKZS	95
2LB0TGCK1QMA0	72
776M9TEVOTXUT0	87
1JJVIIUYDF4DSFBWO	95
1JJVIIUYDF8Z6RGW8	93
4AB7JGDZHACXR3LW5K	98
1JJVIIUYDFDKL3LVS	95
776M9TEVP58UFC	77
JZYDV9PC1UKKHMC	92
4AB7JGDZHFM2QNKS20	98
776M9TEVP5UA14	79
JZYDV9PC1W83U44	94
4AB7JGDZHFYYQ83FBC	96
4AB7JGDZHFZ3BMFKAW	98
JZYDV9PC1WJETQG	84
1JJVIIUYDHADX6KHG	99
1JJVIIUYE71Y9Y3BC	97
1JJVIIUYEX7SU3BRC	97
1JJVIIUYF9Z8NT6IW	95
4AB7JGDZMFPWUDY7UW	98
776M9TEWH2TZ60	75
JZYDV9PE7FV9NP0	90
4AB7JGDZY2BAMMW0SO	98
4AB7JGDZY2BF8185S8	96
4AB7JGDZY2BJTFKARS	98
JZYDV9PE7G6KNBC	80
1JJVIIUYJGOY9CQIC	95
JZYDV9PE7G762X4	82
1JJVIIUYJGOZWW304	97
BWN4Y1IVUMLCBAUGK7C	99
1JJVIIUYJGP0872MG	87
2LB0TGCLP9YRS	64
776M9TF0A7OK6S	79
1JJVIIUZCV7QYI32G	87
1JJVIIUZCVCCCU820	85
4AB7JGE27R2ABZ9C7C	90
1JJVIIUZCVGXR6D1K	87
4AB7JGE27RF1RSZ6YW	92
776M9TF0AIZJT4	69
JZYDV9POT8QQZW4	84
4AB7JGE27WBFBJ883S	90
776M9TF0AJKZEW	71
JZYDV9POTAEACDW	86
4AB7JGE27WO6PPEQDK	94
4AB7JGE27WOBB3QVD4	88
BWN4Y1J25YRJEUPY32G	93
4AB7JGE27WOFWI30CO	90
BWN4Y1J25YRW6AJNXU0	95
JZYDV9POTAPLC08	76
1JJVIIUZCXDR39BN8	91
BWN4Y1J25YWSJU9WYYW	97
1JJVIIUZDN5BG0UH4	89
4AB7JGE29WARSTNM6G	94
4AB7JGE29WARSU91S8	96
4AB7JGE29WCFLWTPHK	96
1JJVIIUZDN9WTRJUW	93
4AB7JGE29WNJ6ZU4G8	98
1JJVIIUZEDB6062X4	89
4AB7JGE2BWZ0OS72MG	94
4AB7JGE2BWZ0OSSI88	96
1JJVIIUZEQ2LTVXOO	91
4AB7JGE2CWF8NC0J60	96
4AB7JGE2CWF8NCLYRS	98
XL8XNFM87YG	69
2LB0TH3DQU2PG	84
JZYDVFHTWABY43S	94
JZYDVFI6NQ5NYVC	92
1JJVIJB2IHXFZGYFC	95
2LB0TH45ZQ72G	72
776M9VJKN8RLTG	87
1JJVIJBE6LENA2R7S	97
XL8XNH9RKG8	61
2LB0TH7Z4KS38	76
JZYDVGH9ZNI0V9K	86
JZYDVGHMR3BQQ14	88
JZYEOUX0EOS133S	96
JZYEOUX0EQFKFLK	94
1JJVKT1VPHK9YW2PK	99
1JJVKT1VPHK9ZHIBC	91
4AB7PSP82STYS0YV3S	98
1JJVKT1VPHOVD87P4	95
BWN5FNQ2LDV3YXC2MD4	99
2LB0XAEF7T1O8	78
776MKGW29OOMB8	93
1JJVKT1VUEYMGZTTK	99
776MKGW29ZFOC8	81
JZYEOUX2BQFJKZ8	96
1JJVKT1VURUM1IH2W	97
1JJVKTAGTAS6EPVAW	99
1JJVKTAGTBTPB7Z2G	95
4AB7PTD2PGUJ3F1I6G	98
1JJVKTAGTBTQYRBK8	87
4AB7PTD2PL1MBDCBBC	94
1JJVKTD7ADXOD1XE0	95
4AB7PTKO8UPKGI8UA0	98
1JJVKTD7ADXQ0L9VS	87
1JJVKTFXRG1NEVVPK	97
1JJVKTFXRG1P2F87C	89
JZYEP2TCG4ARK94	98
JZYEP2TP2YQQPMW	80
1JJVKTNUHO8IA76LW	95
BWN5FSFK5P9TST95SG8	97
1JJVKTNUHO98VJYH4	99
1JJVKTNUHO9AJ3AYW	91
1JJVKTNUHPWBOO9JC	87
4AB7PUE8P7XT8SAL3C	98
JZYEP2TP7K4HF0O	84
1JJVKTNUI0ZWGDOVO	99
1JJVKTNUI10OP9T8O	95
4AB7PUEB7U56T7BHAG	94
JZYEP2US094LSUG	90
2LB0XBFY4B5FS	74
776MKJSARYZ2US	89
1JJVKTO86G3Z5Z9L4	99
1JJVKTO86SVEZP4CO	97
776MKJSBK7V77S	77
JZYEP2YO45UO0MS	92
2LB0XBFZRUHXK	66
776MKJSFDCPS8K	81
1JJVKTO95W7CC20QW	91
1JJVKTO968YS5RVIG	93
776MKNYD7M4K3C	87
JZYEPEJGP5REUBC	90
4AB7PWWYE2I8NPDQH4	98
4AB7PWWYE2I8PCX2YW	90
4AB7PWX14JKCOER1AG	92
1JJVKUKLZ0N8GFB60	87
4AB7PWX919SK9VF420	98
4AB7PWX919U7B102MG	94
1JJVKUKLZ0RTU60JS	91
1JJVKUKM03KIUAEDK	97
776MKNZEQIMNUW	81
JZYEPEMCXNQY8TW	96
JZYEPEMCYFZUD6W	84
1JJVKUKM3ZOFKCM5W	99
776MKNZES660CO	73
JZYEPEMD294OY7O	88
4AB7PWX9FY0IBODTU0	98
JZYERLDPRBB7VNC	98
1JJVL0NE3WI9WM394	95
1JJVL0NE3WMVACSMW	99
2LB0XN5TDZJY0	82
776MLGC5MURDH0	97
776MLGC5N5IFI0	85
1JJVL0YPORU5DOEK8	99
BWN5HCRUNTD9MHLAYIW	99
1JJVL0YPOSVOA6IBS	93
4AB7QEOFCW808IZ03S	96
1JJVL0YPOSVPXPUTK	85
1JJVL11G5UZNC0GNC	95
4AB7QEW0WA31LM6C7C	98
1JJVL11G5UZOZJT54	87
JZYERTAEFJME5OO	82
1JJVL19CW36I7BRJO	97
BWN5HF1ZGXH1MN9TZ60	99
1JJVL19CW37AG7VWO	93
1JJVL19CW4UBLSUH4	89
JZYERTAEK504V2G	86
1JJVL19CWFYOMEE6G	97
4AB7QFI2BVNML81N48	96
JZYERTBHCU098W8	92
2LB0XO7CAHNPK	76
776MLJ8E551U0K	91
1JJVL19QJCYK1FUO8	99
1JJVL19QL7TEWTPAG	99
776MLJ8EXDXYDK	79
JZYERTFDGQQBGOK	94
2LB0XO7DY107C	68
776MLJ8IQISJEC	83
1JJVL19RIT1X7ILU0	91
1JJVL19RKB5C96LOO	93
1JJVL19RKNWS2WGG8	95
1JJW1P3CUJDJ7KKZK	91
1JJW1P63BLHI9EJB4	93
1JJW1P8TSNLHB8HMO	95
776ORBHVS1W30G	95
JZYKRVXOAKFAIWW	99
776ORBHVTPFFI8	93
JZYKRVY11DCF0U8	94
1JJW1PGQIVT2RWKE8	97
JZYKRVY11DD0GG0	86
BWN9229L4A39W9QWKXS	99
1JJW1PGQIXG5L0VGG	93
JZYKRVY15YQ5Q80	98
JZYKRVY15YQR5TS	90
4AB90QQMXNTME84VEO	99
4AB90QQNACS8L12SXS	98
4AB90QQQ0THL5XBOLC	99
JZYKRW0THCCQKW0	98
JZYKRW0THE09XDS	96
1JJW1PGY9WAWROYB4	99
1JJW1PGYF62OWVF5S	97
4AB90QR3M5YEHZBFPC	98
776ORBJ182624G	75
4AB90QR3MA53H6LUR4	94
4AB90QR3MA53IU5EYO	96
BWN922BA1W65SBR5SC0	99
4AB90QR3MA53KHOZ68	98
JZYKRW0VEE0Y4DS	78
BWN922BA1W67OEZN20G	97
JZYKRW0VEE0YC3K	82
BWN922BA1W67T20XBLS	99
1JJW1PGYF7YYNHTWW	85
1JJW1PGYFIU331XFK	89
4AB90QR3N4BKKHH38W	92
4AB90QR3N4BKKHHAYO	96
BWN922BA48054WK6OC0	99
4AB90QR3N4BL60L400	96
BWN922BA4806SPMRC1C	99
1JJW1PGYFIU4QL9XC	93
4AB90QR3N4BP5V7SMO	96
1JJW1PH480F8W1Q9S	95
2LB1POBG4XU0W	72
4AB90T1LV12CXOK6KG	96
4AB90T1OLI4GWQE4W0	98
JZYKS6R6WFHRSXS	98
JZYKS6R6WH5B5FK	96
1JJW1QARJIUHGJ1FK	97
1JJW1QARJIUHH4H1C	89
4AB90T1WI8EBL06IPS	96
1JJW1QARJIZ2UV6F4	93
4AB90T1WVXHAOB7DJ4	98
776ORFE4M4QLA8	75
4AB90T1WW1NZNIHSKW	94
BWN928RT0C6CLRPDDFK	99
4AB90T2T9PP2HRXKCG	96
JZYKS6VFWNQSTHC	82
4AB90T97DFHAXLORI8	96
4AB90T9A3WJEWNIPTS	98
1JJW1QDI0872CRX34	93
1JJW1QDI08BNQIMGW	97
776ORFQW0AX3K0	79
4AB90T9IEG2XNFMDIO	98
JZYM24Y94F2L9OG	90
1JJW59XR5C9V773XS	93
1JJW59XR5C9V77BNK	97
776P7YWHYKF9KW	87
JZYM25247T55SU8	90
1JJW59Y1ZWS4X1T1C	97
JZYM252GZ7BCB40	94
4ABHBSUUX5WDLOHJPK	86
4ABHBSUUX5WI72TOP4	86
4ABHBSUUX5WMSH5TOO	88
JZZNJ6CZQX76TC8	68
1JJZ1D9O3AS7YXGZ8	83
BWNW4S5PW4JJONPQGAW	89
X2QD9A7VX8MAOHVTDOI0	98
BWNW4S5PW4JJT942LAG	91
BWNW4S5PW4JJXUIEQA0	93
1JJZ1D9O3AS8ATW7C	77
4ABHBSUUX5YF231FEC	92
X2QD9A7VX8MGNAAQZMTK	94
X2QD9A7VX8MGNEW5BRT4	96
JZZNJ6CZQX7S8Y0	72
1JJZ1D9O3AS9MGTH0	87
BWNW4S5PW4JWG1VWYKO	95
BWNW4S5PW4JWKNA93K8	89
BWNW4S5PW4JWP8OL8JS	91
4ABHBSUUX68LSURFG0	78
4ABHBSUUX68LUIAZNK	86
4ABHBSUUX68LW5UJV4	88
JZZNJ6CZQYIXK6O	64
BWNW4S5PW5BYKU34J5C	83
BWNW4S5PW5BYKVQO3CW	89
BWNW4S5PW5BYKXE7NKG	91
1JJZ1D9O3AVWLCI9S	75
X2QD9A7VXAT840UP9IWG	94
X2QD9A7VXAT840WCT340	92
X2QD9A7VXAT840Y0CNBK	94
JZZNJ6CZQYIXRWG	72
BWNW4S5PW5BYPFGV8J4	91
BWNW4S5PW5BYPH4ESQO	89
BWNW4S5PW5BYPIRYCY8	91
XLB2CAQLZVS	50
BWNW4S5PW5HWYNDD240	93
1JJZ1D9O3AWODKIUO	79
X2QD9A7VXB9RM9LR7HTC	98
4ABHBSUUX6ARPP4SXS	90
1JJZ1D9O3AWODKQKG	87
2LB6QI5TX3NAS	65
2JVL8TSDZOTM3GQBALJ8FK	97
4ABHBSUV286FA9HYSO	83
BWNW4S5QA6PUGIDWMNO	98
JZZNJ6D0F4MOJ1K	95
JZZNJ6D0JQ10O14	87
2LB6QI5U7UHM0	99
2LB6QI5U8FX7S	91
BWNW4S8OHN9F22ZHTE0	90
BWNW4S8OHN9F6ODTYDK	90
BWNW4S8OHN9FB9S63D4	92
1JJZ1DA1WN48136KO	72
4ABHBSVXAO7QB0U8FO	87
X2QD9AG410MBFOQAHC7C	93
X2QD9AG410MBFTBOTH6W	95
X2QD9AG410MBFXX35M6G	97
4ABHBSVXAO7QBCQNNS	81
BWNW4S8OHN9H3JE1P2S	96
2JVL8TT0R6TPZXJHGDO8Y0	98
1JJZ1DA1WN481OM6G	76
4ABHBSVXAO7QCODKXG	91
X2QD9AG410MBSG4GNUH4	99
X2QD9AG410MBSKPUZZGO	93
X2QD9AG410MBSPB9C4G8	95
BWNW4S8OHN9RAA5RP4G	82
BWNW4S8OHN9RABTB9C0	90
BWNW4S8OHN9RADGUTJK	92
1JJZ1DA1WN49CTXF4	68
X2QD9AG410N3UKWNVF1S	87
X2QD9AG410N3UKYBEZ9C	93
X2QD9AG410N3UKZYYJGW	95
4ABHBSVXAO7TZN99Q8	79
2JVL8TT0R6TS6P080BY50W	98
2JVL8TT0R6TS6P081ZHP8G	96
2JVL8TT0R6TS6P083N19G0	98
1JJZ1DA1WN49CU54W	76
X2QD9AG410N3UPI1M4FK	95
X2QD9AG410N3UPJP5ON4	93
X2QD9AG410N3UPLCP8UO	95
2LB6QI6H4FUG8	54
X2QD9AG410N9SYPY3Y0G	97
4ABHBSVXAO7URFHAB4	83
BWNW4S8OHN9TG7052M8	94
4ABHBSVXAO7URFHI0W	91
7772PMHZKC0K38	69
BWNW4S8OHSBP3RKI8H4	87
1JJZ1DA1WNSFGKWA0	99
1JJZ1DA1WNX0UX19K	91
7772PMHZKNCU08	95
4ABHBT2GFKBBLLM4NC	84
BWNW4SQTN8FG801GVUC	99
4ABHBT2GFKBG6ZY9MW	84
BWNW4SQTN8FSZFV6QLW	99
4ABHBT2GFKBKSEAEMG	86
JZZNJ7CFUAD9KI0	66
1JJZ1DCEK04SUKX10	81
BWNW4SQTN8L24FQGM4O	87
X2QD9BUICJUHWBPU1V7S	96
BWNW4SQTN8L2914SR48	89
BWNW4SQTN8L2DMJ4W3S	91
1JJZ1DCEK04T6HC94	75
4ABHBT2GFKDD2060C4	90
X2QD9BUICJUNV44RNTJC	92
X2QD9BUICJUNV8Q5ZYIW	94
JZZNJ7CFUADV03S	70
1JJZ1DCEK04UI49IS	85
BWNW4SQTN8LEVTWN4EG	93
BWNW4SQTN8LF0FAZ9E0	87
BWNW4SQTN8LF50PBEDK	89
4ABHBT2GFKNJSRW0DS	76
4ABHBT2GFKNJUFFKLC	84
4ABHBT2GFKNJW2Z4SW	86
JZZNJ7CFUBP0BCG	62
BWNW4SQTN9DH0M3UOZ4	81
BWNW4SQTN9DH0NRE96O	87
BWNW4SQTN9DH0PEXTE8	89
1JJZ1DCEK08HGZYBK	73
X2QD9BUICM1FBUOPXPM8	92
X2QD9BUICM1FBUQDH9TS	90
X2QD9BUICM1FBUS10U1C	92
JZZNJ7CFUBP0J28	70
BWNW4SQTN9DH57HLECW	89
BWNW4SQTN9DH5954YKG	87
BWNW4SQTN9DH5ASOIS0	89
XLB2CCE5CDK	48
BWNW4SQTN9JFEFE37XS	91
BWNW4SQTN9JFEH1MS5C	99
1JJZ1DCEK09997YWG	77
X2QD9BUICMHYU3FRVOJ4	96
4ABHBT2GFKPPPM9DVK	88
1JJZ1DCEK099986M8	85
2LB6QIAFAUCOK	63
2JVL8TWWTZCSVIH6N4Z56W	99
2JVL8TWWTZCSVIH6OGPW1C	95
4ABHBT2GKMLDA6MJQG	81
BWNW4SQU1ARCWAEMSHG	96
JZZNJ7CGIHSRA7C	93
BWNW4SQU4DVVRWDDM5S	99
JZZNJ7CGN373F6W	85
2LB6QIAFLL6ZS	97
2LB6QIAFM6MLK	89
JZZNLWU1UW90RNS	82
1JJZ1KV7H5TL24T2S	97
1JJZ1KV7H5TLE18AW	91
JZZNLWU1UW9M79K	86
4ABHCDYOROGE5R51BK	92
JZZNLWU1UXKRII8	78
BWNW6ESCSVXLCO0XASW	97
1JJZ1KV7H5X9OJUDC	89
JZZNLWU1UXKRQ80	86
XLB2GW4Y4VC	64
1JJZ1KV7H5Y1GRUY8	93
2LB6QUX9QTI2C	79
2JVL96CRRKJR8ILBN8OZN4	99
4ABHCDYOWQE7N5VKO8	85
JZZNLWU2J3OIHD4	97
BWNW6ESDA0G03YAG7ZK	99
JZZNLWU2NP2UMCO	85
2LB6QUXA1KCDK	96
7772QLWFWNUMLK	99
2LB6QUXA25RZC	88
1JJZ1KVKBETM4E9S8	89
4ABHCDZOFP69GJJKNC	98
1JJZ1KVKBETM4ZPE0	93
BWNW6EV3VLXOGP23BW0	99
1JJZ1KVKBETNG50MO	85
4ABHCDZOFP6D4U26PS	96
1JJZ1KVKBETNG58CG	93
2LB6QUXVB7SBS	71
7772QLY2Z5MNQS	86
BWNW6EV3VQZMA6GTV8O	92
1JJZ1KVKBFMEY84H4	92
7772QLY2ZGYXNS	95
JZZNLXTHY9F3ITK	86
1JJZ1KXXXV669OOCO	95
JZZNLXTHY9FOYFC	90
4ABHCE6AA2VC5O9M9C	96
JZZNLXTHYAQU9O0	82
1JJZ1KXXXV9UK7AF4	93
JZZNLXTHYAQUHDS	90
XLB2GXSHHD4	68
1JJZ1KXXXVAMCFB00	97
2LB6QV1V4K7G4	83
4ABHCE6AF4T5N305M0	89
JZZNLXTIR28XDIG	89
2LB6QV1VFWHD4	92
JZZNOFKVOU3O4MG	90
JZZNOS8CFP58HS8	98
JZZNOS8CFQGZ8MO	94
XLB2LPSZ0BS	80
2LB6R8BOH8VQS	95
JZZNR61L1EZX0A0	96
JZZNRIQJNLSUXT4	95
1JJZ38O2HRZC1FM28	99
2LB6TND91VWFC	85
7772YCWTSFY8RS	89
1JJZ38O3H82P7ID80	97
2LB6TNDAPF8X4	83
7772YCWXQMCR04	98
1JJZ38QSYU3B39KDS	97
2LB6TNHUG81EW	83
7772YD9KL2BWDW	98
7772YD9L6MQ6NC	90
2LB6TNHW3RDWO	87
C3CMUV45NS	89
XLB3HQQVYZS	92
7772YIIXJ7J5E0	99
7772YIIXKJ9W8G	95
C3CMUVPL9K	81
XLB3HS331KK	96
7772YIJCBKNUNC	96
7772YIJCD87754	94
7772YIJGWYZZMW	93
7772YIJGYMJC4O	97
7772YIJQC1D02W	97
2LB6VRIV1KZN4	98
4CQ5G0KO8	84
C3CN4HLEB8	99
C3CN4SXO88	87
2LB6W4A7W0R2G	94
2LB6W4A7WM6O8	98
2LB6W4A97RHWW	90
2LB6W4A97RPMO	98
4CQ5GM0A0	76
C3CN654QT0	91
JZZOQN06ONXAYQW	97
2LB6W530PULRC	92
JZZV4ORETJTSUI8	95
XLBF3OWSPVC	81
2LB7PY973RU2C	96
JZZV4ORFHPY5GOO	97
2LB7PY97EIW3C	96
1JJZMH15Y5OMRASMO	99
2LB7PY9UAITBS	85
JZZV4PQUWWZVLO0	93
XLBF3QKC2D4	79
2LB7PYDSHIJG4	94
JZZV4PQVL3487UG	95
2LB7PYDSS9LH4	94
4ABIZ0E04XM1H6JZ3S	87
JZZV7F8HH3LNA0O	99
1JJZMOMBKW9G94PO8	93
1JJZMOMBP2TS256K0	98
2LB7QB0N7NB94	84
7775H2LSH8R8C4	99
7775H2LSHJIAD4	87
1JJZMOMBPFL68BOTS	90
1JJZMOMBPFL68BWJK	98
2LB7QB0N88QUW	76
7775H2LSIWAKTW	91
BWO0P95N2J1D5KC0QK8	94
X2QPY5FO33YX2GOPXUNK	99
1JJZMOMOCY26YYI0O	85
7775H2NFKC15TK	91
JZZV7FD38HPZ75K	94
4ABIZ0EZO35F3DS228	97
7775H2NFKCMLFC	83
JZZV7FD38J2RHMC	98
4ABIZ0LLNC0ZH3OK1K	91
1JJZMOP21LM14S5Q0	97
2LB7QB58LE0MW	88
7775H2YJVPOSMW	91
1JJZMOP264XR3Z4VK	94
2LB7QB58LZG8O	80
7775H2YJX2H33O	95
JZZV9XZAMU0SXA0	97
XLBFD3Z5QBC	87
BWO0SDQARZW52HW8UWG	99
JZZVCOFZZEX1SXK	85
BWO0SLAD1SPQ5DBHR3K	98
JZZVD14YLLPZQGO	84
1JJZN475S40C79HBO	99
JZZVFRLNY6M8M48	93
2LB7T3GM7YVAW	90
7775OTM6DBLWJC	94
2LB7T3GNVI7SO	88
4ABJ3MPS1T2PSD1QK8	95
BWO123N14CX80R575FC	96
2LB7T3Q1ABVQW	96
1JJZOCN67VPKJ5FP4	95
1JJZOCNIWUBRC3D88	94
1JJZOCQ9DJOC8C8VS	98
7775OYVNBAQSJS	83
JZZVTCVWRDUF9YS	98
JZZVTCVWRE6BP6W	92
7775OYVNBBC85K	87
1JJZODJSNAA4C7Y7K	96
7775OYVNCMHJE8	82
JZZVTCVWV2GUB9C	93
7775OYVNCMHR40	90
C3CRG8V2RC	68
JZZVTCVWVU92BU8	97
XLBG94MBMYC	83
7775OYW23OH54O	89
JZZVTCX1UTJFAD4	96
7775OYW25C0HMG	93
7775OYWBIQU5KO	89
7775OYWG456AK8	91
JZZVTCY4RIO8D88	94
JZZVTD2BBRHYQRS	86
1JJZODKAFGOE8EREW	95
JZZVTD2BBRIK6DK	90
4ABJ3POCYYLYA4Q4FK	99
JZZVTD2BBSTPHM8	85
1JJZODKAFGS2IXDHC	96
JZZVTD2BBSTPPC0	93
XLBG94X2OZC	71
2LB7T5DNVHD6C	86
JZZVTD2BQJVP3CO	92
1JJZODKAGLRTLICL4	99
JZZVTD2BQLJ8FUG	96
JZZVTD2BZYY23SO	92
7775OZ8OY3UUWO	99
4ABJ3PUTV9DX7ZYZUW	96
4ABJ3PUTV9DX9BPQPC	95
7775OZ8THUNNEG	81
JZZVTDWHXL5OZ5G	96
4ABJ3PUTV9ELFG2CVS	98
JZZVTDWHY6PI1IW	88
4ABJ3PUTW8U0MHSHV4	99
7775OZ8TJI6ZW8	85
1JJZODMN6HCTGJE60	95
7775OZ97IBCSU0	87
JZZW9AVEJYQ4BG0	91
JZZW9AVEK0DNVNK	99
2LB7V7QTLEG6O	77
1JJZPLU78HH56XF5C	96
7775UPII7G9E9S	88
2LB7V7QTLENWG	85
4CQ73K4VS	63
7775UPIIZ8HEUO	92
C3CRPVXJAS	78
JZZW9EXWA2YSBCO	98
1JJZPM8LA70FYJLO0	98
2LB7V8EZPR2D4	84
7775URDN7J6JG4	99
2LB7V8JL437CO	86
7775URQENNNG8O	89
1JJZPN7LIHAOQMVW0	94
7775UVWYXT4KMO	80
4ABJ78H3RC3PEMI7LC	99
JZZW9SNL1WWTQPS	91
7775UVWYXT4SCG	88
C3CRQ6OLBS	66
JZZW9SNL2OP1RAO	95
XLBH0QKB7QS	81
7775UVXN3XH6T4	87
JZZWC5ELMNUFREG	90
1JJZPTU3PQXQRZFSO	99
1JJZPTWU5O2EXI4XC	96
2LB7VLAZA9PMG	82
7775VR6I0IZ5DG	97
1JJZPTWU6GABO8BG8	96
CWREVKYTM4	74
1NB31UM5QF98TNIOC	97
1NB31UM5QF9AH6V64	95
7OPG93F3DLRI5O	99
CWRJGZAYLO	74
1NB3MYG08N1LQ14JW	97
1NB3MYG08N1NDKH1O	95
7OPIZKH7CNLGH8	97
CWRO2DN3L8	76
1NB4829UQUTYMEQFG	99
1NB4829UQUU09Y2X8	97
7OPLQ1JBBPFESS	99
2RM9874537MWC	90
7OPTMRT5YBOG4S	97
2RM9878QGYCA4	94
2RM98X9ZNCVCC	90
CWS1PM1H2K	66
7OPTUICPZQUXD8	89
7OPTUICUL572CS	87
LCNQWQZOYQQXAI4	92
7OPTUICZ6JJ7CC	89
LCNQWR01Q6KN59O	94
ZV1WR5JE63W	71
LCNQWR4Y3QAW6EK	92
ZV1WR5JZLPO	73
LCNQWR5AV4H2OOC	96
LCNQWR5AZPVETNW	90
1NB5YQZEQJ7VKH5D8	95
LCNQWR5B4B9QYNG	92
1NB5YQZEQVZBE704S	97
2RM9AZFFU72B0	78
1NB5YQZEVSCV4G19O	99
7OPTUJ4NK8DORW	94
LCNQWT4XG7LBKH8	99
7OPTUJ4S5M4E5O	98
7OPTUJUTESIX7W	94
LCNQWV5LP3JV0X8	99
ZV1WRVTFYCS	87
2RM9B1GE3M6I4	92
2RM9B1GE47M3W	94
7OPTUO1J80G5T8	99
2RM9B1H617B8S	90
7OPTUO3ORNLZE4	95
7OPTUO3ORO7EZW	97
ZV1WRXGZAUK	79
2RM9B1KZHCVVW	84
2RM9B1KZHYBHO	86
7OPTUOEAM6MO30	91
CWS1ZJ9K18	84
ZV1XJHRFJ58	87
CWS216SWJ0	76
1O8NHDGS	56
7OQNFVD4M2VP70	79
LCQ1434GTZ7DXZG	83
7OQNFVD4NQF1OS	77
7OQNFVD97H7U6K	93
7OQNFVD994R6OC	97
7OQNFVQ0LNEK64	91
LCQ14449OQK8UQK	98
7OQNFVQ0NAXWNW	95
7OQNFVQA0PRKM4	91
ZV5QTQZIDR0	93
2RMJYIMYXT0F0	96
ZV5QTR03TCS	85
ZV5R85XPR3G	77
4KRI8NRYSIFM37XHZG	98
2RMJZMOHZFG6K	86
ZV5RCRC1W30	79
ZV5RHCQE12K	81
7OQNNSEKA7S1PO	95
7OQNNSEOVLIR3G	99
7OQNNT4Q4RXA5O	95
ZV5RV9W0HIK	89
2RMK1EW968JAK	92
ZV5RVBJJU0C	81
4NC1K5L7W	65
LCQ2MMGRBFN8AQ4	88
1NBCFAUEJVS3QDR2K	92
LCQ2MMGRBHARN7W	86
2RMK5KXWL3BRW	94
2RMK5LGWX1EI4	82
2RMK5LLIBDJHO	84
2RMK5LZFGZZXO	96
7OQNZL2FRGVP9O	99
2RMK5LZH4JCFG	88
1O8O2T2K	60
7OQQ6C2H6YJ58S	83
LCQ8PLIVRZ4IIX8	87
7OQQ6C2H8M2HQK	81
7OQQ6C2LSCVA8C	97
7OQQ6CFD6J207W	95
7OQQ6CFD86LCPO	99
7OQQ6CFMLLF0NW	95
ZV63L55OW0S	97
ZV63L56ABMK	89
ZV63ZK3W9D8	83
ZV6445I8ECS	77
4KRJVVB3V7V8A4ZAKS	98
ZV648QWKJCC	79
7OQQE93WV3FHRG	97
7OQQE9U2PNKQ7G	97
ZV64MO26ZSC	91
2RML0UZMCBAGC	94
ZV64MPPQCA4	83
CYWQUNNBYK	52
1NKYB92FA96ARVAVG	85
7PZHRBPWG3PV4C	97
7PZHRBQ11I203W	89
100YYL6059AK	93
100YYLSW56J0	56
4LI7BC4Y23C56LJKJW	89
LG6LCABG0W6MDCC	93
2S2P44K9LQ630	97
CYWQWB6OGC	50
1NKYBGNXOO4AOZVT8	83
7PZHSB5ZT9SMA4	95
7PZHSB64EO4R9O	87
100YYPRDAJ2K	99
100YYPRDVYOC	91
CYWVG1ZGY4	66
1NKYWCW9SGYNO8WR0	87
7PZKHSS0F5JTFW	99
7PZKHSS50JVYFG	87
100ZBCLT9OGC	98
100ZBCLTV424	90
100ZBD72X4EK	73
4LI8XYKC0R9BLHV7BG	94
LG6SXSQ7QA9XGJW	94
2S2Q3KNOFC9QK	97
CYWVHPITFW	70
1NKYWKHS6VWNLDHOS	91
7PZKIS88DPYPL8	91
100ZBH77LTFW	94
7PZN0JL65KPGP8	92
CYX09Q0CEK	82
7PZPR0AIQGYCCS	98
7PZQ3P94X9W9VW	97
10123DSGGJ8S	99
1OIK5B4C	72
10123SKTL8I4	87
2S2XUJEHEBKUK	91
10123SMH4KZW	85
10123X67XDHO	85
2S2XUW5VL3IQ4	92
10123X7VGPZG	89
4O3K9HHQK	91
CYXWANXB2K	94
4O3KA2XCC	83
2S2Y05X0J16Q4	98
2S2Y05X26KJ7W	96
2S2Y061LXDBPO	95
2S2Y061NKWO7G	99
2S2Y06B0ZQC5O	99
1OINPWR0	86
4O3U7B0B0	89
1OIOBCCS	78
7Q0P7YW5ZECATO	99
1014LICHJXU4	94
CZ9I8TU1Y4	96
CZ9IAHDEFW	94
CZ9MU866XO	76
7Q7607730H0R30	93
101YRFYZCNBW	99
101YRFYZY2XO	91
101YRGK903A4	83
2S5GKA09AZXI4	98
CZ9MVVPJFG	80
7Q7616N6DN3I8S	97
101YRKKDOSBG	95
2S5HGWEFMO258	90
CZ9W9AJ7DO	76
7Q7BM3O2X712JG	99
CZA0UOVCD8	94
7Q7RH1JPLQZ3HO	97
7Q7RH1JU75B8H8	97
7Q7RH1JYSJNDGS	99
1021JLR09ZSC	79
2S5OAGF13NLBG	88
1021JLR0VFE4	83
1OK7OVBW	64
1021K0JE0CD8	86
2S5OBLIGGR6HO	93
1021K0L1JOV0	90
7Q7RL4DNX5WZ4S	99
1021K9YGDCT8	86
1021KEJUPHSS	99
2S5OGI80944MK	98
4O85N8EU4	83
CZANOU4124	86
2S5OGUZEFAMWC	90
7Q7RYU2C2TFSFG	99
2S5OGUZEFW2I4	94
4O85NTUFW	75
2S5OGVE6T0ZH8	96
2S5OGVNLVDZX8	96
1OKB9GYK	78
1023OUBHGEFW	99
4O8FL1XEK	81
1OKBUWKC	70
10241LPNMWPO	91
10241QB1Z1P8	97
10BPMCWJKXNW	77
4MVJLSR8PIZOSLB3NW	98
10BPMHHXX2NG	77
4MVJMDV2K17H5HOPJG	98
10BPMM3C97N0	79
7SADDS2Z85KGQ4	93
7SADDS33TJB63W	97
7SADDST52PPP64	93
10BPMZQKNL4C	69
LMKT6HQV2IAHS30	92
LMKT6HQV73OTX2K	90
1O2PT21AMNQ9AEM3W	95
LMKT6HQVBP36224	92
1O2PT21AN0HP44GVG	97
2SWJ7V9TOTF1O	74
1O2PT21ARWV8UDI0C	95
2SWJ7V9TPEUNG	76
1O2PT21AS9MN0K0A4	99
1O2PT21AS9R8EW59O	93
4MVJOPNLYJ3NDOLDV0	98
1O2PT21AS9VTT8A98	95
7SADDUVAIWJW4S	81
LMKT6HRN02S0JHO	97
LMKT6HSD5XC5RXO	97
2SWJ7VAJYV7AK	90
7SADDUXBH5Z0BW	95
7SADDUXBH6KFXO	97
7SADDUXC93K52K	93
LMKT6HWM1A78U3W	98
2SWJ7VALMEJSC	82
7SADDUXG2JPPPO	87
7SADDUXG2KB5BG	89
LMKT6HWWN4Q9ISS	94
10BPN00HVO30	87
2SWJ7W25WUS30	90
10BPN025F0KS	79
4PH9LYJQK	59
LMKU033VH4MIJWS	82
1O2PVC8MRFLHQV9L8	86
LMKU033VH6A1WEK	80
LMKU033VLQ0UOWC	96
LMKU0348D471EVW	94
LMKU0348D5UKRDO	98
LMKU0348MJ9EFBW	94
2SWJBPCF4XMOS	96
7SADOIEI205U8S	99
2SWJBPCF5J2AK	88
2SWJBPQU35018	80
7SADOJIJL1SA0C	89
2SWJBPVFHH50S	82
2SWJBQ00VTA0C	84
LMKU0B0WWSREWFG	98
LMKU0B1N2NBK4VG	98
2SWJBQDY1FQGC	92
7SADOLARC8LD4C	95
2SWJBQDZOZ2Y4	84
D2RYPBV0DO	68
1O2PVDR63Q2Y6PMBW	91
4MVJV67GYCG7LUHZKC	95
1O2PVDR63Q2ZU8YTO	89
7SADOPGSZNG5LO	97
7SADOPHBZZE8BW	85
7SADOPHGLDQDBG	87
7SADOPHUIJCTRG	99
7SADOPHUK6W698	91
4PH9MJZCC	63
LMKU2TKKTPI5ZYK	86
1O2PVJU55UJHNZUJ0	90
LMKU2TKKTR5PCGC	84
LMKU2TKXPP2OUXO	98
LMKU2TKXZ451VDO	98
2SWJC23TBPKKC	92
2SWJC2I89BIB0	86
2SWJC2MTNNNAK	80
2SWJC2RF1ZSA4	82
2SWJC35C7M8Q4	94
7SADPKQUPEO4A4	97
2SWJC35DV5L7W	86
7WNY4	36
10BRROVM9G0C	59
4MVTH25OZ2TLSVZJD8	92
LMM2UEK8DK1OUTO	96
2SWP4X4H1KFGS	63
CVKDVE2RL1G37I1B5XO	96
10BRROX9SSI4	57
4MVTH2DAHH8JST44B0	90
LMM2UFJOGX7RLZG	94
2SWP4X8FJB7M4	98
10BRRTH0LKZW	73
4MVTHN9ITL1E5SD58S	94
LMM2X51AHJ3IT58	94
2SWP59V9ZACZW	97
2SWP59VV8CDCC	80
10BRRTIO4XHO	77
4MVTHNH4BZGC5PHQ6K	98
LMM2X60QKW9LKB0	98
LMM2ZNS3IO4CBF0	99
10BRRYAOMGGC	89
4PHJIMHE4	79
2SWP82B8Z0HFW	94
7SAU2EF9KGOEOC	98
2SWP82BAMJTXO	92
2SWP82FUDCMFG	92
7SAU2ES0YNGCJW	99
2SWP82FW0VYX8	96
D2SQ816WWC	98
D2SQ81SCI4	90
4PHJM730S	93
D2SQHZ0FGS	96
4PHJMSIMK	85
10BS4G9SG5ZW	99
10BS4GBFZIHO	97
10BS4KV6SAZG	79
LMMAINFPFJ0NLSS	96
2SWQ4PYN5DBVG	94
2SWQ4PZ8EFC7W	86
10BS4KWUBNH8	83
2SWQ4Q38J4198	98
7SAWM0S9IP0VZ0	93
10BS4UA95BFG	79
10BS4YVNHGF0	97
2SWQ7I4F5P8Q4	82
7SAWSUCA460F58	91
2SWQ7I4F6AOBW	86
4PHL661LO	67
2SWQ7IJ7JFLB0	89
7SAWSVHDJJ40BG	96
2SWQ7IJ96YXSS	93
2SWQ7ISMLSLR0	89
D2SUTEXTZW	86
10BS5LPSQ53W	89
7SAWT0QUHHNGQ4	93
7SAWT0QUHI8WBW	97
D2SUTFJ9LO	78
7SAWT0R99VDTB0	99
7SAWT0RIOXQTR0	99
4PHL9QN8C	81
D2SV3CRCKC	84
4PHLAC2U4	73
2SWQA04DT25NG	94
14	0
227FRUJBJUY4	77
9GWF10Z1SPT59CD8I4	98
227FRZ4PVZXO	77
9GWF1M2VN80XM8QUDO	98
227FS3Q484X8	79
FWKYAD0Y5MU08C	93
FWKYAD12R0KPM4	97
FWKYADR406Z8OC	93
227FSHDCMIEK	69
186I78ZX83I8ZYP8	92
186I78ZX883NC3OS	90
3EQ2K4ZSAUI54WZU4	95
186I78ZX8CP1O8OC	92
3EQ2K4ZSB79KYMULO	97
5Q4NV493DTVFW	74
3EQ2K4ZSG3N4OVVQK	95
5Q4NV493EFB1O	76
3EQ2K4ZSGGEIV2E0C	99
3EQ2K4ZSGGJ49EIZW	93
9GWF3XVF1PX3UFNIP8	98
3EQ2K4ZSGGNPNQNZG	95
FWKYAFT9GDTFN0	81
186I78ZY012QIQ3W	97
186I78ZYQ6XANYJW	97
5Q4NV49TNVNOS	90
FWKYAFVAEN8JU4	95
FWKYAFVAENTZFW	97
FWKYAFVB6KTOKS	93
186I7902Z2A5R0Q4	98
5Q4NV49VBF06K	82
FWKYAFVF00Z97W	87
FWKYAFVF01KOTO	89
186I79039O4ORPF0	94
227FSHN9ULD8	87
5Q4NV51FLV8H8	90
227FSHOXDXV0	79
9M7VAD2SS	59
186I82LA8I4L0QJ0	82
3EQ2MF74FMDDLDNBG	86
186I82LA8I68K30S	80
186I82LA8MPZCVIK	96
186I82LALE45JLI4	94
186I82LALE5T2XZW	98
186I82LALNJ7WLY4	94
5Q4NYYBOTY330	96
FWKYL3CGZHFDR0	99
5Q4NYYBOUJIOS	88
5Q4NYYQ3S5GFG	80
FWKYL4GIIJ1TIK	89
5Q4NYYUP6HLF0	82
5Q4NYYZAKTQEK	84
186I82T79XSPX31O	98
186I82T803NA2BHO	98
5Q4NYZD7QG6UK	92
FWKYL68Q9PUWMK	95
5Q4NYZD9DZJCC	84
QPPUX47YJW	68
3EQ2MGPNRWUU18024	91
9GWFAEFA1J9O2LK4EK	95
3EQ2MGPNRWUVORCJW	89
FWKYLAERX4PP3W	97
FWKYLAFAXGNRU4	85
FWKYLAFFIUZWTO	87
FWKYLAFTG0MD9O	99
FWKYLAFTHO5PRG	91
9M7VAYIEK	63
186I85BQXUPGO6KS	86
3EQ2MMSMU1BDII898	90
186I85BQXUR47J2K	84
186I85BRAQP171JW	98
186I85BRB043K1ZW	98
5Q4NZB330Q0YK	92
5Q4NZBHHYBYP8	86
5Q4NZBM3CO3OS	80
5Q4NZBQOR08OC	82
5Q4NZC4LWMP4C	94
FWKYM5OTMVXNSC	97
5Q4NZC4NK61M4	86
227HX6IE8DAK	55
9GWOWADI29N29N1O7G	88
186JGWWQLEK071FW	92
5Q4TS633UKYMK	96
5Q4TS63QQKVV0	59
QAYT5OWGDWDWY178LVW	92
3EQ62ZFBMLKAKM2OC	96
227HX6K1RPSC	53
9GWOWAL3KO209K6958	86
186JGWXQ1DBRXNM4	98
186JGWXQ1HX69SLO	90
5Q4TS67P8BO0C	94
227HXB3SKIA4	69
9GWOWVHBWRUUMJFA30	90
186JGZN7NIJ20ZRG	90
5Q4TSIUJOATE4	93
5Q4TSIV4XCTQK	76
QAYT7BIVRV1U4G3K8NG	97
3EQ6370U1D9ONX5VW	97
227HXB5G3URW	73
9GWOWVOXF69SMGJV0S	94
186JGZO73LW83QX8	94
5Q4TSIZ521IRW	97
186JH25YGJO2UI18	95
227HXFXGLDQK	85
9M85710GC	75
5Q4TVBAIO0XU4	90
FWLEYZD8HXXY6K	94
5Q4TVBAKBKABW	88
5Q4TVBF42D2TO	88
FWLEYZPZW4PW24	95
5Q4TVBF5PWFBG	92
QPQMFTJV2K	94
227HYBYEICEK	97
QPQMFU5AOC	86
FWLEZ4ZR2Q6WJW	99
FWLEZ4ZVMGZP1O	98
9M85ALM30	89
QPQMPRDDN0	92
9M85B71OS	81
5Q4TXT0ABZN64	97
227I9XWKF3A4	99
227I9XY7YFRW	97
227IA2HYR89O	79
186JOL5M2GIZ5SF0	96
5Q4URYXWUDS9O	94
5Q4URYYI3FSM4	86
227IA2JMAKRG	83
5Q4URZ2I84HNG	98
FWLHILQ8G6AFH8	93
227IABX148PO	79
227IAGIFGDP8	97
5Q4UUR3OUPP4C	82
FWLHPFA91N9YNG	91
5Q4UUR3OVB4Q4	86
9M86UKKNW	67
5Q4UURIH8G1P8	89
FWLHPGFCH0DJTO	96
5Q4UURIIVZE70	93
5Q4UURRWAT258	89
QPQR17AS64	86
227IB3CKP2E4	89
FWLHPLOTEYX08C	93
FWLHPLOTEZIFU4	97
QPQR17W7RW	78
FWLHPLP87CNCT8	99
FWLHPLPHMF0D98	99
9M86Y56AK	81
QPQRB54AQK	84
9M86YQLWC	73
5Q4UX93NI2M1O	94
5Q54ITUUE0MZW	80
5Q54ITZFSCRZG	80
5Q54IU416OWZ0	82
186LRSJ6YCQNPI24	96
186LRSJ7OIL7UQI4	96
5Q54IUHOF3AGC	72
3EQCH79J20LWOHHF0	95
3EQCH79J20QI2TMEK	93
9GX6NS6GXM1M85KZFW	98
3EQCH79J20V3H5RE4	95
FWM8KCP3U8FSDO	77
9GX6NS6GXRAR7PJVCC	98
FWM8KCP3U917ZG	79
9GX6NS6GXRNN7A2ILO	96
9GX6NS6GXRNRSOENL8	98
186LRSJ9QO1EOXGS	84
FWM8KCP4KIHKMK	93
186LRSJ9SOZO41NW	98
186LRSJ9SPRLP6EK	96
FWM8KCP4M60X4C	85
186LRSJ9STL1UR1O	90
186LRSJ9STL2G6NG	92
3EQCH79J826J4984S	97
5Q54IUHYCBDF0	90
FWM8KCPW6GH5F0	93
5Q54IUHZZUPWS	82
QPS0560X2K	62
3EQCH834F10J0I98S	85
9GX6NUGO9QTHGM1MX8	89
3EQCH834F10KO1LQK	83
3EQCH834F154EUE8C	99
3EQCH834FDWIL147W	97
3EQCH834FE5XNE4NW	97
FWM8KGJ6FOK00S	99
FWM8KGJ6FP5FMK	91
FWM8KGJKUMRDD8	83
186LRSTYDX3JXBCC	92
FWM8KGJPG13ICS	85
FWM8KGJU1FFNCC	87
FWM8KGK7YL23SC	95
186LRSU064UQQEGC	98
FWM8KGK808LGA4	87
227LSED2G1PO	71
9GX6NUI6T33YX1VZNW	94
QB06I8QIWSN10GG70WC	98
9GX6NUI6T33YYPFC5O	92
186LRSU4CPIHJ9NW	88
186LRSU4CU3VVENG	90
186LRSU4D82P17L8	94
QPS056MCOC	66
3EQCH85UVQD3W5PAK	89
9GX6NUO9S58FGJ67V0	93
3EQCH85UVQD5JP1SC	87
FWM8KGVXTVBXWC	95
FWM8KGWC8SXVN0	89
FWM8KGWGU7A0MK	83
FWM8KGWLFLM5M4	85
FWM8KGWZCR8M24	97
FWM8KGWZEERYJW	89
18VF1A4	39
5Q54KZ6TGP5CC	62
QB06RUMH4TDEENHOKP8	95
3EQCIGXFVDWYFOK5O	99
FWM8Q9QYHL6SSS	66
212KITD2IJL6TVCIAUV9O	99
5Q54KZ6V48HU4	60
QB06RUMOQBRTCNET5N0	93
3EQCIGXGUU0BLRBBG	97
5Q54KZBEV1ABW	76
QB06RV7KYNVM70E26KS	97
3EQCIH06CG0XHIIH8	97
FWM8QA3PVRYQOC	83
5Q54KZBGIKMTO	80
5Q54KZG8J25SC	92
QPS0F2OUQ4	82
FWM8QCW59IMURW	97
FWM8QCW5B6679O	95
FWM8QCW9UWYZRG	95
FWM8QCW9WKIC98	99
227LT5VSDDU4	93
QPS0F69GCS	96
227LT65PLGSS	99
QPS0F6UVYK	88
5Q54LC2T180BG	82
3EQCIOLOQUYXENB4S	99
FWM8R9JSNOZP7G	97
FWM8R9JT8Y1PJW	89
5Q54LC2UORCT8	86
186LSBRFNN175XB0	96
5Q54LCC83L0RG	82
FWM8RCBYFPBM24	85
186LSBY97NMO5GH8	94
FWM8RCBYFPX1NW	89
QPS0GQ8EXO	70
FWM8RCCD831YN0	92
186LSBYACR2191NG	99
FWM8RCCD9QLB4S	96
FWM8RCCMN5EZ30	92
227LTAH5IVBW	89
5Q54LD3NN5UFW	92
186LSBYFM7ZZSI24	96
227LTAH64AXO	81
QPS0GTT0KC	84
227LTAR3CDWC	87
QPS0GUEG64	76
FWM8RETYECOIZG	97
244	22